uniprot	identifier	chebiId	name	smiles	rheaIds
http://purl.uniprot.org/uniprot/P0AGG4	P0AGG4	CHEBI:29950	[protein]-dithiol	C(=O)(*)[C@@H](N*)CS	18749,18749,18753,18753
http://purl.uniprot.org/uniprot/P0AGG4	P0AGG4	CHEBI:50058	[protein]-disulfide	C([C@@H](N*)CSSC[C@@H](C(=O)*)N*)(=O)*	18749,18753
http://purl.uniprot.org/uniprot/P68398	P68398	CHEBI:74411	adenosine(34) in tRNA	NC1=NC=NC2=C1N=CN2[C@@H]3O[C@H](COP(=O)(*)[O-])[C@@H](O*)[C@H]3O	43168
http://purl.uniprot.org/uniprot/P68398	P68398	CHEBI:82852	inosine(34) in tRNA	O[C@@H]1[C@H](O-*)[C@@H](COP([O-])(-*)=O)O[C@H]1N1C=NC2C1=NC=NC2=O	43168
http://purl.uniprot.org/uniprot/P0A9K9	P0A9K9	CHEBI:83834	[protein]-peptidylproline (omega=180)	*-C(=O)[C@@H]1CCCN1C(-*)=O	16237
http://purl.uniprot.org/uniprot/P0ADA1	P0ADA1	CHEBI:28868	a fatty acid	[O-]C([*])=O	15177,16781
http://purl.uniprot.org/uniprot/P0ADA1	P0ADA1	CHEBI:64479	holo-[ACP]	C(NC(CCNC(=O)[C@@H](C(COP(OC[C@@H](C(*)=O)N*)(=O)[O-])(C)C)O)=O)CS	15057
http://purl.uniprot.org/uniprot/P0ADA1	P0ADA1	CHEBI:87657	an octanoate ester	C(CCCCCC)C(=O)O*	47356
http://purl.uniprot.org/uniprot/P0ADA1	P0ADA1	CHEBI:87656	a hexanoate ester	C(CCCCC)(=O)O*	47352
http://purl.uniprot.org/uniprot/P0ADA1	P0ADA1	CHEBI:78783	(9Z)-octadecenoyl-[ACP]	CCCCCCCC\C=C/CCCCCCCC(=O)SCCNC(=O)CCNC(=O)[C@H](O)C(C)(C)COP([O-])(=O)OC[C@H](N-*)C(-*)=O	15057
http://purl.uniprot.org/uniprot/P0ADA1	P0ADA1	CHEBI:33853	a phenol	C1(=C(C(=C(C(=C1*)*)*)*)*)O	17309
http://purl.uniprot.org/uniprot/P0ADA1	P0ADA1	CHEBI:2571	an aliphatic alcohol	O*	47352,47356,47348
http://purl.uniprot.org/uniprot/P0ADA1	P0ADA1	CHEBI:50477	a butanoate ester	CCCC(=O)O[*]	47348
http://purl.uniprot.org/uniprot/P0ADA1	P0ADA1	CHEBI:77636	a fatty acyl-CoA	CC(C)(COP([O-])(=O)OP([O-])(=O)OC[C@H]1O[C@H]([C@H](O)[C@@H]1OP([O-])([O-])=O)n1cnc2c(N)ncnc12)[C@@H](O)C(=O)NCCC(=O)NCCSC([*])=O	16781
http://purl.uniprot.org/uniprot/P0ADA1	P0ADA1	CHEBI:58168	a 1-acyl-sn-glycero-3-phosphocholine	C[N+](C)(C)CCOP([O-])(=O)OC[C@H](O)COC([*])=O	15177
http://purl.uniprot.org/uniprot/P0ADA1	P0ADA1	CHEBI:140310	a phenyl acetate	C1(=C(C(=C(C(=C1*)*)*)*)*)OC(=O)C	17309
http://purl.uniprot.org/uniprot/P60340	P60340	CHEBI:65315	uridine(55) in tRNA	C1=CC(NC(N1[C@@H]2O[C@H](COP(*)(=O)[O-])[C@H]([C@H]2O)O*)=O)=O	42532
http://purl.uniprot.org/uniprot/P60340	P60340	CHEBI:65314	pseudouridine(55) in tRNA	C=1NC(NC(C1[C@@H]2O[C@H](COP(*)(=O)[O-])[C@H]([C@H]2O)O*)=O)=O	42532
http://purl.uniprot.org/uniprot/P0A8N5	P0A8N5	CHEBI:78442	tRNA(Lys)	Nc1ncnc2n(cnc12)[C@@H]1O[C@H](COP([O-])(-*)=O)[C@@H](O)[C@H]1O	20792
http://purl.uniprot.org/uniprot/P0A8N5	P0A8N5	CHEBI:78529	L-lysyl-tRNA(Lys)	Nc1ncnc2n(cnc12)[C@@H]1O[C@H](COP([O-])(-*)=O)[C@@H](OC(=O)[C@@H]([NH3+])CCCC[NH3+])[C@H]1O	20792
http://purl.uniprot.org/uniprot/P0AAB2	P0AAB2	CHEBI:82620	O-phospho-L-tyrosyl-[protein]	[O-]P([O-])(=O)Oc1ccc(C[C@H](N-*)C(-*)=O)cc1	10684
http://purl.uniprot.org/uniprot/P0AAB2	P0AAB2	CHEBI:46858	L-tyrosyl-[protein]	O=C(*)[C@@H](N*)CC=1C=CC(=CC1)O	10684
http://purl.uniprot.org/uniprot/P77735	P77735	CHEBI:13193	A	*	56944
http://purl.uniprot.org/uniprot/P77735	P77735	CHEBI:17499	AH2	*([H])[H]	56944
http://purl.uniprot.org/uniprot/P0AGJ7	P0AGJ7	CHEBI:74511	5-carboxymethylaminomethyl-2'-O-methyluridine(34) in tRNA(Leu)	C1=C(C(NC(N1[C@@H]2O[C@H](COP(*)(=O)[O-])[C@H]([C@H]2OC)O*)=O)=O)C[NH2+]CC([O-])=O	43088
http://purl.uniprot.org/uniprot/P0AGJ7	P0AGJ7	CHEBI:74508	5-carboxymethylaminomethyluridine(34) in tRNA(Leu)	C1=C(C(NC(N1[C@@H]2O[C@H](COP(*)(=O)[O-])[C@H]([C@H]2O)O*)=O)=O)C[NH2+]CC([O-])=O	43088
http://purl.uniprot.org/uniprot/P0AGJ7	P0AGJ7	CHEBI:74495	2'-O-methylcytidine(34) in tRNA	C1=CC(=NC(N1[C@@H]2O[C@H](COP(*)(=O)[O-])[C@H]([C@H]2OC)O*)=O)N	43084
http://purl.uniprot.org/uniprot/P0AGJ7	P0AGJ7	CHEBI:82748	cytidine(34) in tRNA	Nc1ccn([C@@H]2O[C@H](COP([O-])(-*)=O)[C@@H](O-*)[C@H]2O)c(=O)n1	43084
http://purl.uniprot.org/uniprot/P28634	P28634	CHEBI:188470	N(6)-methyl,N(6)-L-threonylcarbamoyladenosine(37) in tRNA	N(C1=NC=NC2=C1N=CN2[C@@H]3O[C@H](COP(=O)(*)[O-])[C@@H](O*)[C@H]3O)(C(N[C@H](C([O-])=O)[C@H](O)C)=O)C	70027
http://purl.uniprot.org/uniprot/P28634	P28634	CHEBI:74418	N(6)-L-threonylcarbamoyladenosine(37) in tRNA	N(C1=NC=NC2=C1N=CN2[C@@H]3O[C@H](COP(=O)(*)[O-])[C@@H](O*)[C@H]3O)C(N[C@H](C([O-])=O)[C@H](O)C)=O	70027
http://purl.uniprot.org/uniprot/P31825	P31825	CHEBI:74449	N(6)-methyladenosine(37) in tRNA1(Val)	C=1(NC)N=CN=C2C1N=CN2[C@@H]3O[C@H](COP(=O)(*)[O-])[C@@H](O*)[C@H]3O	43160
http://purl.uniprot.org/uniprot/P0A8Y1	P0A8Y1	CHEBI:58043	a ribonucleoside 5'-phosphate	O[C@@H]1[C@H](O)[C@@H](COP([O-])([O-])=O)O[C@H]1[*]	12484
http://purl.uniprot.org/uniprot/P0A8Y1	P0A8Y1	CHEBI:18274	a 2'-deoxyribonucleoside	OC[C@H]1O[C@@H]([*])C[C@@H]1O	36167
http://purl.uniprot.org/uniprot/P0A8Y1	P0A8Y1	CHEBI:18254	a ribonucleoside	OC[C@H]1O[C@@H]([*])[C@H](O)[C@@H]1O	12484
http://purl.uniprot.org/uniprot/P0A8Y1	P0A8Y1	CHEBI:65317	a 2'-deoxyribonucleoside 5'-phosphate	[C@H]1(O[C@H](COP([O-])(=O)[O-])[C@H](C1)O)*	36167
http://purl.uniprot.org/uniprot/P50465	P50465	CHEBI:136412	a 5'-end 5'-monophospho-2'-deoxyribonucleoside-DNA	*[C@@H]1O[C@H](COP(=O)([O-])[O-])[C@@H](O*)C1	66592
http://purl.uniprot.org/uniprot/P50465	P50465	CHEBI:157695	a 3'-end 2'-deoxyribonucleotide-(2,3-dehydro-2,3-deoxyribose 5'-phosphate)-DNA	*[C@@H]1O[C@H](COP(*)(=O)[O-])[C@H](C1)OP(OC[C@@H](O)/C=C/C=O)([O-])=O	66592
http://purl.uniprot.org/uniprot/P50465	P50465	CHEBI:167181	2'-deoxyribonucleotide-(2'-deoxyribose 5'-phosphate)-2'-deoxyribonucleotide-DNA	*[C@@H]1O[C@H](COP(*)(=O)[O-])[C@H](C1)OP(OC[C@H]2O[C@@H](O)C[C@@H]2OP(OC[C@H]3O[C@@H](*)C[C@@H]3O*)([O-])=O)([O-])=O	66592
http://purl.uniprot.org/uniprot/P76594	P76594	CHEBI:29969	L-lysyl-[protein]	C([C@@H](C(*)=O)N*)CCC[NH3+]	45948
http://purl.uniprot.org/uniprot/P76594	P76594	CHEBI:61930	N(6)-acetyl-L-lysyl-[protein]	CC(=O)NCCCC[C@H](N-*)C(-*)=O	45948
http://purl.uniprot.org/uniprot/P0A9Q5	P0A9Q5	CHEBI:83144	N(6)-biotinyl-L-lysyl-[protein]	*-N[C@@H](CCCCNC(=O)CCCC[C@@H]1SC[C@@H]2NC(=O)N[C@H]12)C(-*)=O	54728
http://purl.uniprot.org/uniprot/P0A9Q5	P0A9Q5	CHEBI:83145	N(6)-carboxybiotinyl-L-lysyl-[protein]	[O-]C(=O)N1[C@H]2CS[C@@H](CCCCC(=O)NCCCC[C@H](N-*)C(-*)=O)[C@H]2NC1=O	54728
http://purl.uniprot.org/uniprot/P37685	P37685	CHEBI:17478	an aldehyde	[H]C([*])=O	11888
http://purl.uniprot.org/uniprot/P39406	P39406	CHEBI:74269	guanosine(1207) in 16S rRNA	C1(=O)NC(=NC2=C1N=CN2[C@@H]3O[C@H](COP(=O)(*)[O-])[C@@H](O*)[C@H]3O)N	42736
http://purl.uniprot.org/uniprot/P39406	P39406	CHEBI:74481	N(2)-methylguanosine(1207) in 16S rRNA	C1(=O)NC(=NC2=C1N=CN2[C@@H]3O[C@H](COP(=O)(*)[O-])[C@@H](O*)[C@H]3O)NC	42736
http://purl.uniprot.org/uniprot/P00960	P00960	CHEBI:78522	glycyl-tRNA(Gly)	Nc1ncnc2n(cnc12)[C@@H]1O[C@H](COP([O-])(-*)=O)[C@@H](OC(=O)C[NH3+])[C@H]1O	16013
http://purl.uniprot.org/uniprot/P36999	P36999	CHEBI:73542	N(1)-methylguanosine(745) in 23S rRNA	O=C1N(C(=NC2=C1N=CN2[C@@H]3O[C@H](COP(=O)(*)[O-])[C@@H](O*)[C@H]3O)N)C	42900
http://purl.uniprot.org/uniprot/P0A9U8	P0A9U8	CHEBI:60015	a 2,3-dehydroacyl-CoA	CC(C)(COP([O-])(=O)OP([O-])(=O)OC[C@H]1O[C@H]([C@H](O)[C@@H]1OP([O-])([O-])=O)n1cnc2c(N)ncnc12)[C@@H](O)C(=O)NCCC(=O)NCCSC(=O)C=C[*]	48608
http://purl.uniprot.org/uniprot/P0A9U8	P0A9U8	CHEBI:65111	a 2,3-saturated acyl-CoA	CC(C)(COP([O-])(=O)OP([O-])(=O)OC[C@H]1O[C@H]([C@H](O)[C@@H]1OP([O-])([O-])=O)n1cnc2c(N)ncnc12)[C@@H](O)C(=O)NCCC(=O)NCCSC(=O)CC[*]	48608
http://purl.uniprot.org/uniprot/P23003	P23003	CHEBI:74447	5-methyluridine(54) in tRNA	[C@@H]1(N2C(NC(=O)C(=C2)C)=O)O[C@H](COP(*)(=O)[O-])[C@H]([C@H]1O)O*	42712
http://purl.uniprot.org/uniprot/P45563	P45563	CHEBI:26386	a purine nucleobase	C1(NC(=NC=2NC=NC12)*)=*	19805
http://purl.uniprot.org/uniprot/P45563	P45563	CHEBI:142355	a purine D-ribonucleoside	C1(=*)NC(=NC2=C1N=CN2[C@@H]3O[C@H](CO)[C@@H](O)[C@H]3O)*	19805
http://purl.uniprot.org/uniprot/P07395	P07395	CHEBI:78531	L-phenylalanyl-tRNA(Phe)	N[C@@H](Cc1ccccc1)C(=O)O[C@@H]1[C@@H](COP([O-])(-*)=O)O[C@H]([C@@H]1O)n1cnc2c(N)ncnc12	19413
http://purl.uniprot.org/uniprot/P07813	P07813	CHEBI:78494	L-leucyl-tRNA(Leu)	CC(C)C[C@H]([NH3+])C(=O)O[C@@H]1[C@@H](COP([O-])(-*)=O)O[C@H]([C@@H]1O)n1cnc2c(N)ncnc12	11688
http://purl.uniprot.org/uniprot/P32675	P32675	CHEBI:29947	glycyl-[formate C-acetyltransferase]	N(*)CC(=O)*	19225
http://purl.uniprot.org/uniprot/P32675	P32675	CHEBI:32722	glycin-2-yl radical-[formate C-acetyltransferase]	C(*)(=O)[C](N*)[H]	19225
http://purl.uniprot.org/uniprot/P77439	P77439	CHEBI:29979	L-histidyl-[protein]	C(*)(=O)[C@@H](N*)CC=1N=CNC1	23880,49252
http://purl.uniprot.org/uniprot/P77439	P77439	CHEBI:64837	N(pros)-phospho-L-histidyl-[protein]	C(*)(=O)[C@@H](N*)CC=1N(C=NC1)P([O-])(=O)[O-]	23880,49252
http://purl.uniprot.org/uniprot/P0A8T7	P0A8T7	CHEBI:61557	a ribonucleoside 5'-triphosphate	[C@H]1([C@H]([C@@H](O)[C@@H](O1)*)O)COP(OP(OP(=O)([O-])[O-])(=O)[O-])(=O)[O-]	21248
http://purl.uniprot.org/uniprot/P18200	P18200	CHEBI:64716	1,2-diacyl-sn-glycero-3-phospho-(1'-sn-glycerol)	OC[C@H](O)COP([O-])(=O)OC[C@@H](COC([*])=O)OC([*])=O	33751
http://purl.uniprot.org/uniprot/P18200	P18200	CHEBI:60110	1,2-diacyl-sn-glycero-3-phospho-(1'-sn-glycero-3'-phosphate)	C(=O)(OC[C@H](COP(=O)(OC[C@H](COP(=O)([O-])[O-])O)[O-])OC(*)=O)*	33751
http://purl.uniprot.org/uniprot/P27431	P27431	CHEBI:29965	L-arginyl-[ribosomal protein uL16]	O=C(*)[C@@H](N*)CCCNC(=[NH2+])N	41556
http://purl.uniprot.org/uniprot/P27431	P27431	CHEBI:78294	(3R)-3-hydroxy-L-arginyl-[ribosomal protein uL16]	NC(=[NH2+])NCC[C@@H](O)[C@H](N-*)C(-*)=O	41556
http://purl.uniprot.org/uniprot/P0C0R7	P0C0R7	CHEBI:74478	2'-O-methyluridine(2552) in 23S rRNA	[C@@H]1(N2C(NC(=O)C=C2)=O)O[C@H](COP(*)(=O)[O-])[C@H]([C@H]1OC)O*	42720
http://purl.uniprot.org/uniprot/P39288	P39288	CHEBI:82834	epoxyqueuosine(34) in tRNA	Nc1nc2n(cc(C[NH2+][C@H]3[C@H]4O[C@H]4[C@H](O)[C@@H]3O)c2c(=O)[nH]1)[C@@H]1O[C@H](COP([O-])(-*)=O)[C@@H](O-*)[C@H]1O	32159
http://purl.uniprot.org/uniprot/P39288	P39288	CHEBI:82831	queuosine(34) in tRNA	Nc1nc2n(cc(C[NH2+][C@H]3C=C[C@H](O)[C@@H]3O)c2c(=O)[nH]1)[C@@H]1O[C@H](COP([O-])(-*)=O)[C@@H](O-*)[C@H]1O	32159
http://purl.uniprot.org/uniprot/P00957	P00957	CHEBI:78497	L-alanyl-tRNA(Ala)	C[C@H]([NH3+])C(=O)O[C@@H]1[C@@H](COP([O-])(-*)=O)O[C@H]([C@@H]1O)n1cnc2c(N)ncnc12	12540
http://purl.uniprot.org/uniprot/P21889	P21889	CHEBI:78516	L-aspartyl-tRNA(Asp)	Nc1ncnc2n(cnc12)[C@@H]1O[C@H](COP([O-])(-*)=O)[C@@H](OC(=O)[C@@H]([NH3+])CC([O-])=O)[C@H]1O	19649
http://purl.uniprot.org/uniprot/P0A847	P0A847	CHEBI:82833	7-aminomethyl-7-carbaguanosine(34) in tRNA	Nc1nc2n(cc(C[NH3+])c2c(=O)[nH]1)[C@@H]1O[C@H](COP([O-])(-*)=O)[C@@H](O-*)[C@H]1O	24104
http://purl.uniprot.org/uniprot/P0AGJ2	P0AGJ2	CHEBI:74445	2'-O-methylguanosine(18) in tRNA	C1(=O)NC(=NC2=C1N=CN2[C@@H]3O[C@H](COP(=O)(*)[O-])[C@@H](O*)[C@H]3OC)N	20077
http://purl.uniprot.org/uniprot/P0A8I5	P0A8I5	CHEBI:74480	N(7)-methylguanosine(46) in tRNA	C1(=O)NC(=NC2=C1[N+](=CN2[C@@H]3O[C@H](COP(=O)(*)[O-])[C@@H](O*)[C@H]3O)C)N	42708
http://purl.uniprot.org/uniprot/P0C0K3	P0C0K3	CHEBI:83421	O-phospho-L-seryl-[protein]	[O-]P([O-])(=O)OC[C@H](N-*)C(-*)=O	17989
http://purl.uniprot.org/uniprot/P0C0K3	P0C0K3	CHEBI:61977	O-phospho-L-threonyl-[protein]	C[C@@H](OP([O-])([O-])=O)[C@H](N-*)C(-*)=O	46608
http://purl.uniprot.org/uniprot/P0C0K3	P0C0K3	CHEBI:29999	L-seryl-[protein]	C([C@H](CO)N*)(=O)*	17989
http://purl.uniprot.org/uniprot/P0C0K3	P0C0K3	CHEBI:30013	L-threonyl-[protein]	O=C(*)[C@@H](N*)[C@H](O)C	46608
http://purl.uniprot.org/uniprot/P0A862	P0A862	CHEBI:30879	an alcohol	O[*]	62620
http://purl.uniprot.org/uniprot/P0A862	P0A862	CHEBI:35924	a hydroperoxide	OO[*]	62620
http://purl.uniprot.org/uniprot/P33602	P33602	CHEBI:132124	a quinone	O=C1C(*)=C(*)C(=O)C(*)=C1*	57888
http://purl.uniprot.org/uniprot/P33602	P33602	CHEBI:24646	a quinol	OC1=C(*)C(*)=C(O)C(*)=C1*	57888
http://purl.uniprot.org/uniprot/P46850	P46850	CHEBI:83064	a 3'-end 2',3'-cyclophospho-ribonucleotide-RNA	[O-]P(-*)(=O)OC[C@H]1O[C@@H]([*])[C@@H]2OP([O-])(=O)O[C@H]12	68080
http://purl.uniprot.org/uniprot/P46850	P46850	CHEBI:138284	a 5'-end dephospho-ribonucleoside-RNA	[C@@H]1([C@H]([C@@H](O[C@@H]1CO)*)O)O*	68080,68076
http://purl.uniprot.org/uniprot/P46850	P46850	CHEBI:83062	a 3'-end 3'-phospho-ribonucleotide-RNA	O[C@H]1[C@H]([*])O[C@H](COP([O-])(-*)=O)[C@H]1OP([O-])([O-])=O	68076
http://purl.uniprot.org/uniprot/P46850	P46850	CHEBI:173118	a ribonucleotidyl-ribonucleotide-RNA	*[C@@H]1O[C@H](COP(*)(=O)[O-])[C@H]([C@H]1O)OP(OC[C@H]2O[C@@H](*)[C@@H]([C@@H]2O*)O)([O-])=O	68080,68076
http://purl.uniprot.org/uniprot/P06959	P06959	CHEBI:83100	(R)-N(6)-dihydrolipoyl-L-lysyl-[protein]	SCC[C@H](S)CCCCC(=O)NCCCC[C@H](N-*)C(-*)=O	17017
http://purl.uniprot.org/uniprot/P06959	P06959	CHEBI:83111	(R)-N(6)-(S(8)-acetyldihydrolipoyl)-L-lysyl-[protein]	CC(=O)SCC[C@H](S)CCCCC(=O)NCCCC[C@H](N-*)C(-*)=O	17017
http://purl.uniprot.org/uniprot/P37146	P37146	CHEBI:73316	a 2'-deoxyribonucleoside 5'-diphosphate	O[C@H]1C[C@H]([*])O[C@@H]1COP([O-])(=O)OP([O-])([O-])=O	23252
http://purl.uniprot.org/uniprot/P37146	P37146	CHEBI:57930	a ribonucleoside 5'-diphosphate	[C@H]1([C@H]([C@@H](O)[C@@H](O1)*)O)COP(OP([O-])(=O)[O-])(=O)[O-]	23252
http://purl.uniprot.org/uniprot/P77766	P77766	CHEBI:83402	a ribonucleoside 3',5'-bisphosphate	O[C@H]1[C@H]([*])O[C@H](COP([O-])([O-])=O)[C@H]1OP([O-])([O-])=O	43532
http://purl.uniprot.org/uniprot/P0A821	P0A821	CHEBI:78533	L-seryl-tRNA(Sec)	N[C@@H](CO)C(=O)O[C@@H]1[C@@H](COP([O-])(-*)=O)O[C@H]([C@@H]1O)n1cnc2c(N)ncnc12	22728
http://purl.uniprot.org/uniprot/P0A821	P0A821	CHEBI:78573	L-selenocysteinyl-tRNA(Sec)	N[C@@H](C[SeH])C(=O)O[C@H]1[C@@H](O)[C@@H](O[C@@H]1COP([O-])(-*)=O)n1cnc2c(N)ncnc12	22728
http://purl.uniprot.org/uniprot/P77649	P77649	CHEBI:138113	3-O-(5'-adenylyl)-L-threonyl-[protein]	NC1=NC=NC2=C1N=CN2[C@@H]3O[C@H](COP(=O)(O[C@H](C)[C@H](N*)C(*)=O)[O-])[C@@H](O)[C@H]3O	54292
http://purl.uniprot.org/uniprot/P77649	P77649	CHEBI:83624	O-(5'-adenylyl)-L-tyrosyl-[protein]	Nc1ncnc2n(cnc12)[C@@H]1O[C@H](COP([O-])(=O)Oc2ccc(C[C@H](N-*)C(-*)=O)cc2)[C@@H](O)[C@H]1O	54288
http://purl.uniprot.org/uniprot/P77649	P77649	CHEBI:142516	3-O-(5'-adenylyl)-L-seryl-[protein]	NC1=NC=NC2=C1N=CN2[C@@H]3O[C@H](COP(=O)(OC[C@H](N*)C(*)=O)[O-])[C@@H](O)[C@H]3O	58120
http://purl.uniprot.org/uniprot/P0ACC1	P0ACC1	CHEBI:61891	N(5)-methyl-L-glutaminyl-[peptide chain release factor]	C(C(=O)NC)C[C@@H](C(=O)*)N*	42896
http://purl.uniprot.org/uniprot/P0ACC1	P0ACC1	CHEBI:30011	L-glutaminyl-[peptide chain release factor]	O=C(*)[C@@H](N*)CCC(=O)N	42896
http://purl.uniprot.org/uniprot/P0A948	P0A948	CHEBI:83683	N-terminal N(alpha)-acetyl-L-alanyl-[ribosomal protein uS5]	C[C@H](NC(C)=O)C(-*)=O	43752
http://purl.uniprot.org/uniprot/P0A948	P0A948	CHEBI:64718	N-terminal L-alanyl-[ribosomal protein uS5]	C(*)(=O)[C@@H]([NH3+])C	43752
http://purl.uniprot.org/uniprot/P36929	P36929	CHEBI:74483	5-methylcytidine(967) in 16S rRNA	C1=C(C(=NC(N1[C@@H]2O[C@H](COP(*)(=O)[O-])[C@H]([C@H]2O)O*)=O)N)C	42748
http://purl.uniprot.org/uniprot/P75960	P75960	CHEBI:144968	N(6)-(2-hydroxyisobutanoyl)-L-lysyl-[protein]	C(*)([C@@H](N*)CCCCNC(C(O)(C)C)=O)=O	24364
http://purl.uniprot.org/uniprot/P75960	P75960	CHEBI:87830	N(6)-succinyl-L-lysyl-[protein]	C(*)([C@@H](N*)CCCCNC(CCC([O-])=O)=O)=O	47668
http://purl.uniprot.org/uniprot/P60955	P60955	CHEBI:140658	S-1,2-diacyl-sn-glyceryl-L-cysteinyl-[prolipoprotein]	S(C[C@@H](C(*)=O)N*)C[C@H](OC(*)=O)COC(=O)*	56712
http://purl.uniprot.org/uniprot/P76082	P76082	CHEBI:137480	a 4-saturated-(3S)-3-hydroxyacyl-CoA	[C@@H]1(N2C3=C(C(=NC=N3)N)N=C2)O[C@H](COP(OP(OCC([C@H](C(NCCC(NCCSC(=O)C[C@H](C*)O)=O)=O)O)(C)C)(=O)[O-])(=O)[O-])[C@H]([C@H]1O)OP([O-])([O-])=O	20724
http://purl.uniprot.org/uniprot/P76082	P76082	CHEBI:58521	a (3E)-enoyl-CoA	CC(C)(COP([O-])(=O)OP([O-])(=O)OC[C@H]1O[C@H]([C@H](O)[C@@H]1OP([O-])([O-])=O)n1cnc2c(N)ncnc12)[C@@H](O)C(=O)NCCC(=O)NCCSC(=O)C\C=C\[*]	20724
http://purl.uniprot.org/uniprot/P76082	P76082	CHEBI:57318	a (3S)-3-hydroxyacyl-CoA	CC(C)(COP([O-])(=O)OP([O-])(=O)OC[C@H]1O[C@H]([C@H](O)[C@@H]1OP([O-])([O-])=O)n1cnc2c(N)ncnc12)[C@@H](O)C(=O)NCCC(=O)NCCSC(=O)C[C@@H](O)[*]	16105
http://purl.uniprot.org/uniprot/P76082	P76082	CHEBI:58856	a (2E)-enoyl-CoA	CC(C)(COP([O-])(=O)OP([O-])(=O)OC[C@H]1O[C@H]([C@H](O)[C@@H]1OP([O-])([O-])=O)n1cnc2c(N)ncnc12)[C@@H](O)C(=O)NCCC(=O)NCCSC(=O)\C=C\[*]	16105
http://purl.uniprot.org/uniprot/P0ADR8	P0ADR8	CHEBI:138238	a pyrimidine ribonucleoside 5'-phosphate	N1([C@@H]2O[C@H](COP([O-])(=O)[O-])[C@H]([C@H]2O)O)C(=C(C(=NC1=*)*)*)*	13425
http://purl.uniprot.org/uniprot/P0ADR8	P0ADR8	CHEBI:26432	a pyrimidine nucleobase	N1C(=C(C(=NC1=*)*)*)*	13425
http://purl.uniprot.org/uniprot/P0A761	P0A761	CHEBI:57666	an N-acyl-D-mannosamine 6-phosphate	O[C@H](COP([O-])([O-])=O)[C@@H](O)[C@H](O)[C@H](NC([*])=O)C=O	23932
http://purl.uniprot.org/uniprot/P0A761	P0A761	CHEBI:57599	an N-acyl-D-glucosamine 6-phosphate	O[C@@H]1O[C@H](COP([O-])([O-])=O)[C@@H](O)[C@H](O)[C@H]1NC([*])=O	23932
http://purl.uniprot.org/uniprot/P30139	P30139	CHEBI:90778	[sulfur-carrier protein ThiS]-C-terminal Gly-Gly	[O-]C(CNC(CN*)=O)=O	26297
http://purl.uniprot.org/uniprot/P30139	P30139	CHEBI:90619	[sulfur-carrier protein ThiS]-C-terminal Gly-NH-CH2-C(O)SH	SC(CNC(CN*)=O)=O	26297
http://purl.uniprot.org/uniprot/P37025	P37025	CHEBI:173113	a 3'-end 2'-phospho-ribonucleotide-RNA	*[C@@H]1O[C@H](COP(*)(=O)[O-])[C@H]([C@H]1OP([O-])([O-])=O)O	11828
http://purl.uniprot.org/uniprot/P77544	P77544	CHEBI:17792	RX	**	16437
http://purl.uniprot.org/uniprot/P77544	P77544	CHEBI:90779	an S-substituted glutathione	[O-]C([C@H](CCC(N[C@H](C(NCC([O-])=O)=O)CS*)=O)[NH3+])=O	16437
http://purl.uniprot.org/uniprot/P77544	P77544	CHEBI:16042	a halide anion	[*-]	16437
http://purl.uniprot.org/uniprot/P64483	P64483	CHEBI:193130	L-homoseryl-tRNA(Lys)	N1([C@@H]2O[C@H](COP(*)(=O)[O-])[C@H]([C@H]2O)OC([C@H](CCO)[NH3+])=O)C=NC3=C1N=CN=C3N	74259
http://purl.uniprot.org/uniprot/P64483	P64483	CHEBI:78534	L-threonyl-tRNA(Val)	C[C@@H](O)[C@H](N)C(=O)O[C@H]1[C@@H](O)[C@@H](O[C@@H]1COP([O-])(-*)=O)n1cnc2c(N)ncnc12	74231
http://purl.uniprot.org/uniprot/P0A8K1	P0A8K1	CHEBI:64612	a 1,2-diacyl-sn-glycero-3-phosphoethanolamine	O(P(=O)(OCC[NH3+])[O-])C[C@H](OC(*)=O)COC(*)=O	20828
http://purl.uniprot.org/uniprot/P0A8K1	P0A8K1	CHEBI:57262	a 1,2-diacyl-sn-glycero-3-phospho-L-serine	[NH3+][C@@H](COP([O-])(=O)OC[C@@H](COC([*])=O)OC([*])=O)C([O-])=O	20828
http://purl.uniprot.org/uniprot/P0A921	P0A921	CHEBI:57643	a 1,2-diacyl-sn-glycero-3-phosphocholine	[C@](COC(=O)*)(OC(=O)*)([H])COP(OCC[N+](C)(C)C)([O-])=O	18689,15801
http://purl.uniprot.org/uniprot/P0A921	P0A921	CHEBI:57875	a 2-acyl-sn-glycero-3-phosphocholine	C[N+](C)(C)CCOP([O-])(=O)OC[C@@H](CO)OC([*])=O	18689
http://purl.uniprot.org/uniprot/P0ABF8	P0ABF8	CHEBI:58332	a CDP-1,2-diacyl-sn-glycerol	Nc1ccn([C@@H]2O[C@H](COP([O-])(=O)OP([O-])(=O)OC[C@@H](COC([*])=O)OC([*])=O)[C@@H](O)[C@H]2O)c(=O)n1	12593
http://purl.uniprot.org/uniprot/P60782	P60782	CHEBI:57970	a 1-acyl-sn-glycero-3-phosphate	O[C@H](COC([*])=O)COP([O-])([O-])=O	42300,15325
http://purl.uniprot.org/uniprot/P60782	P60782	CHEBI:138651	a fatty acyl-[ACP]	C(NC(CCNC(=O)[C@@H](C(COP(OC[C@@H](C(*)=O)N*)(=O)[O-])(C)C)O)=O)CSC(*)=O	42300
http://purl.uniprot.org/uniprot/P33022	P33022	CHEBI:141014	a pyrimidine ribonucleoside	N1([C@@H]2O[C@H](CO)[C@H]([C@H]2O)O)C(=C(C(=NC1=*)*)*)*	56816
http://purl.uniprot.org/uniprot/P0A924	P0A924	CHEBI:58608	a 1,2-diacyl-sn-glycero-3-phosphate	[O-]P([O-])(=O)OC[C@@H](COC([*])=O)OC([*])=O	27449,27429
http://purl.uniprot.org/uniprot/P0A924	P0A924	CHEBI:17815	a 1,2-diacyl-sn-glycerol	OC[C@@H](COC([*])=O)OC([*])=O	27429
http://purl.uniprot.org/uniprot/P0A924	P0A924	CHEBI:59996	a 1,2-diacyl-sn-glycerol 3-diphosphate	[O-]P([O-])(=O)OP([O-])(=O)OC[C@@H](COC([*])=O)OC([*])=O	27449
http://purl.uniprot.org/uniprot/P36979	P36979	CHEBI:74497	2-methyladenosine(37) in tRNA	C1(N)=NC(=NC2=C1N=CN2[C@@H]3O[C@H](COP(=O)(*)[O-])[C@@H](O*)[C@H]3O)C	43332
http://purl.uniprot.org/uniprot/P0A763	P0A763	CHEBI:61560	a 2'-deoxyribonucleoside 5'-triphosphate	[C@H]1([C@H](C[C@@H](O1)*)O)COP(OP(OP(=O)([O-])[O-])(=O)[O-])(=O)[O-]	44640
http://purl.uniprot.org/uniprot/P77567	P77567	CHEBI:13790	an N-acetylarylamine	C(=O)(N*)C	16613
http://purl.uniprot.org/uniprot/P77567	P77567	CHEBI:21494	an N-acetoxyarylamine	CC(=O)ON[*]	20277
http://purl.uniprot.org/uniprot/P77567	P77567	CHEBI:13792	an N-hydroxyarylamine	ON[*]	20277
http://purl.uniprot.org/uniprot/P77567	P77567	CHEBI:50471	an arylamine	[H]N(*)[H]	16613
http://purl.uniprot.org/uniprot/P0AFG8	P0AFG8	CHEBI:83099	(R)-N(6)-lipoyl-L-lysyl-[dihydrolipoyllysine-residue acetyltransferase]	*-N[C@@H](CCCCNC(=O)CCCC[C@@H]1CCSS1)C(-*)=O	19189
http://purl.uniprot.org/uniprot/P0A7A5	P0A7A5	CHEBI:90596	[protein]-L-isoaspartate	N([C@@H](CC(*)=O)C([O-])=O)*	12705
http://purl.uniprot.org/uniprot/P0A7A5	P0A7A5	CHEBI:90598	[protein]-L-isoaspartate alpha-methyl ester	N([C@@H](CC(*)=O)C(OC)=O)*	12705
http://purl.uniprot.org/uniprot/P04805	P04805	CHEBI:78520	L-glutamyl-tRNA(Glu)	Nc1ncnc2n(cnc12)[C@@H]1O[C@H](COP([O-])(-*)=O)[C@@H](OC(=O)[C@@H]([NH3+])CCC([O-])=O)[C@H]1O	23540
http://purl.uniprot.org/uniprot/P75691	P75691	CHEBI:15734	a primary alcohol	*C(O)([H])[H]	15937
http://purl.uniprot.org/uniprot/P07464	P07464	CHEBI:28034	a beta-D-galactoside	OC[C@H]1O[C@@H](O[*])[C@H](O)[C@@H](O)[C@H]1O	15713
http://purl.uniprot.org/uniprot/P07464	P07464	CHEBI:28250	a 6-acetyl-beta-D-galactoside	CC(=O)OC[C@H]1O[C@@H](O[*])[C@H](O)[C@@H](O)[C@H]1O	15713
http://purl.uniprot.org/uniprot/P00956	P00956	CHEBI:78528	L-isoleucyl-tRNA(Ile)	CC[C@H](C)[C@H]([NH3+])C(=O)O[C@@H]1[C@@H](COP([O-])(-*)=O)O[C@H]([C@@H]1O)n1cnc2c(N)ncnc12	11060
http://purl.uniprot.org/uniprot/Q47319	Q47319	CHEBI:82930	3-[(3S)-3-amino-3-carboxypropyl]uridine(47) in tRNA(Phe)	[NH3+][C@@H](CCn1c(=O)ccn([C@@H]2O[C@H](COP([O-])(-*)=O)[C@@H](O-*)[C@H]2O)c1=O)C([O-])=O	12300
http://purl.uniprot.org/uniprot/P52097	P52097	CHEBI:83665	lysidine(34) in tRNA(Ile2)	[NH3+][C@@H](CCCCNc1[nH+]c(=N)ccn1[C@@H]1O[C@H](COP([O-])(-*)=O)[C@@H](O-*)[C@H]1O)C([O-])=O	43744
http://purl.uniprot.org/uniprot/P06721	P06721	CHEBI:58717	an S-substituted L-cysteine	[NH3+][C@@H](CS[*])C([O-])=O	18121
http://purl.uniprot.org/uniprot/P06721	P06721	CHEBI:29256	a thiol	S[*]	18121
http://purl.uniprot.org/uniprot/P0A8A4	P0A8A4	CHEBI:43176	[pyruvate, water dikinase]	*O[H]	48580,46020
http://purl.uniprot.org/uniprot/P0A8A4	P0A8A4	CHEBI:68546	[pyruvate, water dikinase]-phosphate	[O-]P([O-])(=O)O-*	48580,46020
http://purl.uniprot.org/uniprot/P0ACV2	P0ACV2	CHEBI:83989	(9Z)-hexadecenoyl-[ACP]	CCCCCC\C=C/CCCCCCCC(=O)SCCNC(=O)CCNC(=O)[C@H](O)C(C)(C)COP([O-])(=O)OC[C@H](N-*)C(-*)=O	44012
http://purl.uniprot.org/uniprot/P60720	P60720	CHEBI:78463	octanoyl-[ACP]	CCCCCCCC(=O)SCCNC(=O)CCNC(=O)[C@H](O)C(C)(C)COP([O-])(=O)OC[C@H](N-*)C(-*)=O	17665
http://purl.uniprot.org/uniprot/P60720	P60720	CHEBI:78809	N(6)-octanoyl-L-lysyl-[protein]	CCCCCCCC(=O)NCCCC[C@H](N-*)C(-*)=O	17665
http://purl.uniprot.org/uniprot/P0ACV0	P0ACV0	CHEBI:65264	dodecanoyl-[ACP]	C([C@H](C(NCCC(NCCSC(=O)CCCCCCCCCCC)=O)=O)O)(COP(OC[C@@H](C(*)=O)N*)([O-])=O)(C)C	28442
http://purl.uniprot.org/uniprot/P76342	P76342	CHEBI:16044	L-methionyl-[protein]	O=C(*)[C@@H](N*)CCSC	51292,51296
http://purl.uniprot.org/uniprot/P76342	P76342	CHEBI:44120	L-methionyl-(S)-S-oxide-[protein]	C(*)(=O)[C@@H](N*)CC[S@@](=O)C	51292
http://purl.uniprot.org/uniprot/P76342	P76342	CHEBI:45764	L-methionyl-(R)-S-oxide-[protein]	C(*)(=O)[C@@H](N*)CC[S@](=O)C	51296
http://purl.uniprot.org/uniprot/P0A6B7	P0A6B7	CHEBI:64428	[sulfur carrier]-H	[H]*	43892
http://purl.uniprot.org/uniprot/P0A6B7	P0A6B7	CHEBI:29917	[sulfur carrier]-SH	*S[H]	43892
http://purl.uniprot.org/uniprot/P0AFG6	P0AFG6	CHEBI:83120	(R)-N(6)-(S(8)-succinyldihydrolipoyl)-L-lysyl-[2-oxoglutarate dehydrogenase complex component E2]	[O-]C(=O)CCC(=O)SCC[C@H](S)CCCCC(=O)NCCCC[C@H](N-*)C(-*)=O	15213
http://purl.uniprot.org/uniprot/P23930	P23930	CHEBI:136912	a glycerophospholipid	*OP(=O)([O-])OC[C@H](OC(*)=O)COC(=O)*	48228
http://purl.uniprot.org/uniprot/P23930	P23930	CHEBI:140656	N-terminal S-1,2-diacyl-sn-glyceryl-L-cysteinyl-[lipoprotein]	S(C[C@@H](C(*)=O)[NH3+])C[C@H](OC(*)=O)COC(=O)*	48228
http://purl.uniprot.org/uniprot/P23930	P23930	CHEBI:140657	N-acyl-S-1,2-diacyl-sn-glyceryl-L-cysteinyl-[lipoprotein]	S(C[C@@H](C(*)=O)NC(*)=O)C[C@H](OC(*)=O)COC(=O)*	48228
http://purl.uniprot.org/uniprot/P23930	P23930	CHEBI:140660	a 2-acyl-sn-glycero-3-phospholipid	O(P(O*)(=O)[O-])C[C@H](OC(*)=O)CO	48228
http://purl.uniprot.org/uniprot/P12282	P12282	CHEBI:90618	[molybdopterin-synthase sulfur-carrier protein]-C-terminal Gly-Gly-AMP	N1(C2=C(C(=NC=N2)N)N=C1)[C@@H]3O[C@H](COP([O-])(OC(CNC(CN*)=O)=O)=O)[C@H]([C@H]3O)O	43616
http://purl.uniprot.org/uniprot/P37001	P37001	CHEBI:77369	1-hexadecanoyl-2-acyl-sn-glycero-3-phosphocholine	CCCCCCCCCCCCCCCC(=O)OC[C@H](COP([O-])(=O)OCC[N+](C)(C)C)OC([*])=O	46868,46872,46864
http://purl.uniprot.org/uniprot/P0A725	P0A725	CHEBI:137740	a UDP-3-O-[(3R)-3-hydroxyacyl]-alpha-D-glucosamine	[C@@H]1(N2C(NC(=O)C=C2)=O)O[C@H](COP(OP([O-])(O[C@@H]3[C@@H]([C@H]([C@@H]([C@H](O3)CO)O)OC(=O)C[C@@H](*)O)[NH3+])=O)([O-])=O)[C@H]([C@H]1O)O	67816
http://purl.uniprot.org/uniprot/P0A725	P0A725	CHEBI:173225	a UDP-3-O-[(3R)-3-hydroxyacyl]-N-acetyl-alpha-D-glucosamine	[C@@H]1(N2C(NC(=O)C=C2)=O)O[C@H](COP(OP([O-])(O[C@@H]3[C@@H]([C@H]([C@@H]([C@H](O3)CO)O)OC(=O)C[C@@H](*)O)NC(C)=O)=O)([O-])=O)[C@H]([C@H]1O)O	67816
http://purl.uniprot.org/uniprot/P28304	P28304	CHEBI:134225	a 1,4-benzosemiquinone	C=1(C(=C(C(=C(C1*)*)O)*)*)[O]	14269
http://purl.uniprot.org/uniprot/P00959	P00959	CHEBI:78530	L-methionyl-tRNA(Met)	CSCC[C@H]([NH3+])C(=O)O[C@@H]1[C@@H](COP([O-])(-*)=O)O[C@H]([C@@H]1O)n1cnc2c(N)ncnc12	13481
http://purl.uniprot.org/uniprot/P0AGL7	P0AGL7	CHEBI:74502	N(3)-methyluridine(1498) in 16S rRNA	C1=CC(N(C(N1[C@@H]2O[C@H](COP(*)(=O)[O-])[C@H]([C@H]2O)O*)=O)C)=O	42920
http://purl.uniprot.org/uniprot/P0A840	P0A840	CHEBI:13197	a ribonucleoside 3'-phosphate	[C@@H]1(O[C@H]([C@@H]([C@@H]1OP([O-])(=O)[O-])O)*)CO	10144
http://purl.uniprot.org/uniprot/P0AGJ9	P0AGJ9	CHEBI:78536	L-tyrosyl-tRNA(Tyr)	N[C@@H](Cc1ccc(O)cc1)C(=O)O[C@@H]1[C@@H](COP([O-])(-*)=O)O[C@H]([C@@H]1O)n1cnc2c(N)ncnc12	10220
http://purl.uniprot.org/uniprot/P0AGJ9	P0AGJ9	CHEBI:78723	D-tyrosyl-tRNA(Tyr)	N[C@H](Cc1ccc(O)cc1)C(=O)O[C@@H]1[C@@H](COP([O-])(-*)=O)O[C@H]([C@@H]1O)n1cnc2c(N)ncnc12	57448
http://purl.uniprot.org/uniprot/P77718	P77718	CHEBI:136798	a 4-thiouridine in tRNA	C1=CC(NC(N1[C@@H]2O[C@H](COP(*)(=O)[O-])[C@H]([C@H]2O)O*)=O)=S	24176
http://purl.uniprot.org/uniprot/P77718	P77718	CHEBI:61963	[ThiI sulfur-carrier protein]-S-sulfanyl-L-cysteine	C([C@H](CSS)N*)(=O)*	24176
http://purl.uniprot.org/uniprot/P32717	P32717	CHEBI:157685	a primary linear alkyl sulfate ester	O(C*)S([O-])(=O)=O	67908
http://purl.uniprot.org/uniprot/P77806	P77806	CHEBI:35179	a 2-oxocarboxylate	[O-]C(=O)C([*])=O	31763
http://purl.uniprot.org/uniprot/P77806	P77806	CHEBI:59869	an L-alpha-amino acid	[NH3+][C@@H]([*])C([O-])=O	31763
http://purl.uniprot.org/uniprot/P28638	P28638	CHEBI:90615	a 2'-deoxyadenosine in DNA	NC1=NC=NC2=C1N=CN2[C@@H]3O[C@H](COP(=O)(*)[O-])[C@@H](O*)C3	15197
http://purl.uniprot.org/uniprot/P28638	P28638	CHEBI:90616	an N(6)-methyl-2'-deoxyadenosine in DNA	N(C1=NC=NC2=C1N=CN2[C@@H]3O[C@H](COP(=O)(*)[O-])[C@@H](O*)C3)C	15197
http://purl.uniprot.org/uniprot/P77503	P77503	CHEBI:35436	a D-glucoside	[C@@H]1(OC([C@H](O)[C@H]([C@@H]1O)O)O*)CO	61724
http://purl.uniprot.org/uniprot/P77503	P77503	CHEBI:145017	a 3-dehydro-D-glucoside	[C@@H]1(OC([C@H](O)C([C@@H]1O)=O)O*)CO	61724
http://purl.uniprot.org/uniprot/P24188	P24188	CHEBI:136877	5-hydroxyuridine(34) in tRNA	C1=C(C(NC(N1[C@@H]2O[C@H](COP(*)(=O)[O-])[C@H]([C@H]2O)O*)=O)=O)O	64224
http://purl.uniprot.org/uniprot/P0AEI4	P0AEI4	CHEBI:29961	L-aspartate(89)-[ribosomal protein uS12]-hydrogen	C(*)(=O)[C@@H](N*)CC([O-])=O	37087
http://purl.uniprot.org/uniprot/P0AEI4	P0AEI4	CHEBI:73599	3-methylsulfanyl-L-aspartate(89)-[ribosomal protein uS12]-hydrogen	[O-]C(C([C@@H](C(*)=O)N*)SC)=O	37087
http://purl.uniprot.org/uniprot/P00954	P00954	CHEBI:78535	L-tryptophanyl-tRNA(Trp)	N[C@@H](Cc1c[nH]c2ccccc12)C(=O)O[C@@H]1[C@@H](COP([O-])(-*)=O)O[C@H]([C@@H]1O)n1cnc2c(N)ncnc12	24080
http://purl.uniprot.org/uniprot/P10908	P10908	CHEBI:83408	a sn-glycero-3-phosphodiester	OC[C@@H](O)COP([O-])(=O)O[*]	12969
http://purl.uniprot.org/uniprot/P16384	P16384	CHEBI:74415	N(6)-dimethylallyladenosine(37) in tRNA	N(C1=NC=NC2=C1N=CN2[C@@H]3O[C@H](COP(=O)(*)[O-])[C@@H](O*)[C@H]3O)CC=C(C)C	26482
http://purl.uniprot.org/uniprot/P60390	P60390	CHEBI:74506	N(4)-methylcytidine(1402) in 16S rRNA	C1=CC(=NC(N1[C@@H]2O[C@H](COP(*)(=O)[O-])[C@H]([C@H]2O)O*)=O)NC	42928
http://purl.uniprot.org/uniprot/P07118	P07118	CHEBI:78537	L-valyl-tRNA(Val)	CC(C)[C@H]([NH3+])C(=O)O[C@@H]1[C@@H](COP([O-])(-*)=O)O[C@H]([C@@H]1O)n1cnc2c(N)ncnc12	10704
http://purl.uniprot.org/uniprot/P0AEI1	P0AEI1	CHEBI:74416	2-thio-N(6)-dimethylallyladenosine(37) in tRNA	N(C1=NC(=NC2=C1N=CN2[C@@H]3O[C@H](COP(=O)(*)[O-])[C@@H](O*)[C@H]3O)S)CC=C(C)C	37063,36339
http://purl.uniprot.org/uniprot/P0AEI1	P0AEI1	CHEBI:74417	2-methylsulfanyl-N(6)-dimethylallyladenosine(37) in tRNA	N(C1=NC(=NC2=C1N=CN2[C@@H]3O[C@H](COP(=O)(*)[O-])[C@@H](O*)[C@H]3O)SC)CC=C(C)C	37063,37067
http://purl.uniprot.org/uniprot/P13857	P13857	CHEBI:64738	N-terminal L-seryl-[ribosomal protein bL12]	C([C@H](CO)[NH3+])(=O)*	43760
http://purl.uniprot.org/uniprot/P13857	P13857	CHEBI:83690	N-terminal N(alpha)-acetyl-L-seryl-[ribosomal protein bL12]	CC(=O)N[C@@H](CO)C(-*)=O	43760
http://purl.uniprot.org/uniprot/P32138	P32138	CHEBI:131487	a 6-sulfo-alpha-D-quinovosyldiacylglycerol	[C@H]1(O)[C@@H](OC[C@@H](COC(*)=O)OC(*)=O)O[C@H](CS([O-])(=O)=O)[C@H]([C@@H]1O)O	49452
http://purl.uniprot.org/uniprot/P33667	P33667	CHEBI:140632	5-methylaminomethyl-S-(2E)-geranyl-thiouridine(34) in tRNA	[C@@H]1(N2C(=NC(=O)C(=C2)C[NH2+]C)SC/C=C(/CCC=C(C)C)\C)O[C@H](COP(*)(=O)[O-])[C@H]([C@H]1O)O*	14085,60172
http://purl.uniprot.org/uniprot/P33667	P33667	CHEBI:74455	5-methylaminomethyl-2-thiouridine(34) in tRNA	[C@@H]1(N2C(NC(=O)C(=C2)C[NH2+]C)=S)O[C@H](COP(*)(=O)[O-])[C@H]([C@H]1O)O*	42716,14085
http://purl.uniprot.org/uniprot/P33667	P33667	CHEBI:143702	5-methylaminomethyl-2-(Se-phospho)selenouridine(34) in tRNA	[C@@H]1(N2C(=NC(=O)C(=C2)C[NH2+]C)[Se]P([O-])(=O)[O-])O[C@H](COP(*)(=O)[O-])[C@H]([C@H]1O)O*	60176,60172
http://purl.uniprot.org/uniprot/P33667	P33667	CHEBI:82743	5-methylaminomethyl-2-selenouridine(34) in tRNA	C[NH2+]Cc1cn([C@@H]2O[C@H](COP([O-])(-*)=O)[C@@H](O-*)[C@H]2O)[c](=[Se])[nH]c1=O	42716,60176
http://purl.uniprot.org/uniprot/P80645	P80645	CHEBI:134249	an alkanesulfonate	C(S([O-])(=O)=O)*	23064
http://purl.uniprot.org/uniprot/P16659	P16659	CHEBI:78532	L-prolyl-tRNA(Pro)	Nc1ncnc2n(cnc12)[C@@H]1O[C@H](COP([O-])(-*)=O)[C@@H](OC(=O)[C@@H]2CCC[NH2+]2)[C@H]1O	14305
http://purl.uniprot.org/uniprot/P0A8I8	P0A8I8	CHEBI:74486	N(3)-methylpseudouridine(1915) in 23S rRNA	C=1NC(N(C(C1[C@@H]2O[C@H](COP(*)(=O)[O-])[C@H]([C@H]2O)O*)=O)C)=O	42752
http://purl.uniprot.org/uniprot/P60906	P60906	CHEBI:78527	L-histidyl-tRNA(His)	N[C@@H](Cc1c[nH]cn1)C(=O)O[C@@H]1[C@@H](COP([O-])(-*)=O)O[C@H]([C@@H]1O)n1cnc2c(N)ncnc12	17313
http://purl.uniprot.org/uniprot/P27247	P27247	CHEBI:59918	an acyl phosphate	[O-]P([O-])(=O)OC([*])=O	42292
http://purl.uniprot.org/uniprot/P00634	P00634	CHEBI:67140	a phosphate monoester	[O-]P([O-])(=O)O[*]	15017
http://purl.uniprot.org/uniprot/P76562	P76562	CHEBI:74900	N(4)-acetylcytidine(34) in elongator tRNA(Met)	C1=CC(=NC(N1[C@@H]2O[C@H](COP(*)(=O)[O-])[C@H]([C@H]2O)O*)=O)NC(C)=O	43788
http://purl.uniprot.org/uniprot/P21888	P21888	CHEBI:78517	L-cysteinyl-tRNA(Cys)	Nc1ncnc2n(cnc12)[C@@H]1O[C@H](COP([O-])(-*)=O)[C@@H](OC(=O)[C@@H]([NH3+])CS)[C@H]1O	17773
http://purl.uniprot.org/uniprot/P00962	P00962	CHEBI:78521	L-glutaminyl-tRNA(Gln)	NC(=O)CC[C@H]([NH3+])C(=O)O[C@H]1[C@@H](O)[C@@H](O[C@@H]1COP([O-])(-*)=O)n1cnc2c(N)ncnc12	20121
http://purl.uniprot.org/uniprot/P0A7D1	P0A7D1	CHEBI:138191	an N-acyl-L-alpha-aminoacyl-tRNA	N1([C@@H]2O[C@H](COP(*)(=O)[O-])[C@H]([C@H]2O)OC([C@H](*)NC(*)=O)=O)C=NC3=C1N=CN=C3N	54448
http://purl.uniprot.org/uniprot/P0A7D1	P0A7D1	CHEBI:59874	an N-acyl-L-amino acid	[O-]C(=O)[C@H]([*])NC([*])=O	54448
http://purl.uniprot.org/uniprot/P0A8M0	P0A8M0	CHEBI:78515	L-asparaginyl-tRNA(Asn)	N[C@@H](CC(N)=O)C(=O)O[C@@H]1[C@@H](COP([O-])(-*)=O)O[C@H]([C@@H]1O)n1cnc2c(N)ncnc12	11180
http://purl.uniprot.org/uniprot/P0AFH0	P0AFH0	CHEBI:85445	a 2'-deoxyguanosine in DNA	Nc1nc2n(cnc2c(=O)[nH]1)[C@H]1C[C@H](O-*)[C@@H](COP([O-])(-*)=O)O1	24000
http://purl.uniprot.org/uniprot/P0AFH0	P0AFH0	CHEBI:137386	a thymidine in DNA	C1=C(C)C(NC(N1[C@@H]2O[C@H](COP(=O)([O-])*)[C@H](C2)O*)=O)=O	53428
http://purl.uniprot.org/uniprot/P0AFH0	P0AFH0	CHEBI:85448	a 6-O-methyl-2'-deoxyguanosine in DNA	COc1nc(N)nc2n(cnc12)[C@H]1C[C@H](O-*)[C@@H](COP([O-])(-*)=O)O1	24000
http://purl.uniprot.org/uniprot/P0AFH0	P0AFH0	CHEBI:82612	S-methyl-L-cysteinyl-[protein]	CSC[C@H](N-*)C(-*)=O	53428,24000
http://purl.uniprot.org/uniprot/P0AFH0	P0AFH0	CHEBI:137387	a 4-O-methyl-thymidine in DNA	C1=C(C)C(=NC(N1[C@@H]2O[C@H](COP(=O)([O-])*)[C@H](C2)O*)=O)OC	53428
http://purl.uniprot.org/uniprot/P24205	P24205	CHEBI:78477	tetradecanoyl-[ACP]	CCCCCCCCCCCCCC(=O)SCCNC(=O)CCNC(=O)[C@H](O)C(C)(C)COP([O-])(=O)OC[C@H](N-*)C(-*)=O	28438,28434
http://purl.uniprot.org/uniprot/P0A8T1	P0A8T1	CHEBI:146135	an N-terminal trimethyl-L-alpha-aminoacyl-[protein]	*C([C@H](*)[N+](C)(C)C)=O	62916
http://purl.uniprot.org/uniprot/P0A8T1	P0A8T1	CHEBI:61961	N(6),N(6),N(6)-trimethyl-L-lysyl-[protein]	*C(=O)[C@@H](N*)CCCC[N+](C)(C)C	54192
http://purl.uniprot.org/uniprot/P0A8T1	P0A8T1	CHEBI:78597	an N-terminal L-alpha-aminoacyl-[protein]	[NH3+][C@@H]([*])C(-*)=O	62916
http://purl.uniprot.org/uniprot/P06992	P06992	CHEBI:74493	N(6)-dimethyladenosine(1518)/N(6)-dimethyladenosine(1519) in 16S rRNA	C1(N(C)C)=NC=NC2=C1N=CN2[C@@H]3O[C@H](COP(=O)(*)[O-])[C@@H](O*)[C@H]3O	19609,19609
http://purl.uniprot.org/uniprot/P11875	P11875	CHEBI:78513	L-arginyl-tRNA(Arg)	NC(=[NH2+])NCCC[C@H]([NH3+])C(=O)O[C@H]1[C@@H](O)[C@@H](O[C@@H]1COP([O-])(-*)=O)n1cnc2c(N)ncnc12	20301
http://purl.uniprot.org/uniprot/P76043	P76043	CHEBI:145016	a 3-dehydro-D-guloside	[C@@H]1(OC([C@H](O)C([C@H]1O)=O)O*)CO	61720
http://purl.uniprot.org/uniprot/P76043	P76043	CHEBI:145014	a D-guloside	[C@@H]1(OC([C@H](O)[C@@H]([C@H]1O)O)O*)CO	61720
http://purl.uniprot.org/uniprot/P76055	P76055	CHEBI:141453	2-thiocytidine(32) in tRNA	C1=CC(=NC(N1[C@@H]2O[C@H](COP(*)(=O)[O-])[C@H]([C@H]2O)O*)=S)N	57048
http://purl.uniprot.org/uniprot/Q46948	Q46948	CHEBI:131710	S-(1-hydroxy-2-oxopropyl)-L-cysteinyl-[protein]	O=C(*)[C@@H](N*)CSC(C(C)=O)O	49556
http://purl.uniprot.org/uniprot/Q46948	Q46948	CHEBI:141580	an N(2)-(1-hydroxy-2-oxopropyl)-guanosine in RNA	C1(=O)NC(=NC2=C1N=CN2[C@@H]3O[C@H](COP(=O)(*)[O-])[C@@H](O*)[C@H]3O)NC(C(C)=O)O	57288
http://purl.uniprot.org/uniprot/Q46948	Q46948	CHEBI:141554	N(6)-(1-hydroxy-2-oxoethyl)-L-lysyl-[protein]	O=C(*)[C@@H](N*)CCCC[NH2+]C(C(=O)[H])O	57192
http://purl.uniprot.org/uniprot/Q46948	Q46948	CHEBI:141553	N(omega)-(1-hydroxy-2-oxoethyl)-L-arginyl-[protein]	O=C(*)[C@@H](N*)CCCNC(=[NH2+])NC(C(=O)[H])O	57188
http://purl.uniprot.org/uniprot/Q46948	Q46948	CHEBI:131708	N(omega)-(1-hydroxy-2-oxopropyl)-L-arginyl-[protein]	O=C(*)[C@@H](N*)CCCNC(=[NH2+])NC(C(C)=O)O	49548
http://purl.uniprot.org/uniprot/Q46948	Q46948	CHEBI:131709	N(6)-(1-hydroxy-2-oxopropyl)-L-lysyl-[protein]	O=C(*)[C@@H](N*)CCCC[NH2+]C(C(C)=O)O	49552
http://purl.uniprot.org/uniprot/Q46948	Q46948	CHEBI:141579	an N(2)-(1-hydroxy-2-oxoethyl)-2'-deoxyguanosine in DNA	C1(=O)NC(=NC2=C1N=CN2[C@@H]3O[C@H](COP(=O)(*)[O-])[C@@H](O*)C3)NC(C([H])=O)O	57296
http://purl.uniprot.org/uniprot/Q46948	Q46948	CHEBI:141578	an N(2)-(1-hydroxy-2-oxopropyl)-2'-deoxyguanosine in DNA	C1(=O)NC(=NC2=C1N=CN2[C@@H]3O[C@H](COP(=O)(*)[O-])[C@@H](O*)C3)NC(C(C)=O)O	57300
http://purl.uniprot.org/uniprot/Q46948	Q46948	CHEBI:141555	S-(1-hydroxy-2-oxoethyl)-L-cysteinyl-[protein]	O=C(*)[C@@H](N*)CSC(C([H])=O)O	57196
http://purl.uniprot.org/uniprot/Q46948	Q46948	CHEBI:141581	an N(2)-(1-hydroxy-2-oxoethyl)-guanosine in RNA	C1(=O)NC(=NC2=C1N=CN2[C@@H]3O[C@H](COP(=O)(*)[O-])[C@@H](O*)[C@H]3O)NC(C([H])=O)O	57292
http://purl.uniprot.org/uniprot/P0ADP2	P0ADP2	CHEBI:90546	a medium-chain fatty acyl-CoA	[C@@H]1(N2C3=C(C(=NC=N3)N)N=C2)O[C@H](COP(OP(OCC([C@H](C(NCCC(NCCSC(=O)*)=O)=O)O)(C)C)(=O)[O-])(=O)[O-])[C@H]([C@H]1O)OP([O-])([O-])=O	68184
http://purl.uniprot.org/uniprot/P03813	P03813	CHEBI:59871	a D-alpha-amino acid	[NH3+][C@H]([*])C([O-])=O	18317
http://purl.uniprot.org/uniprot/Q47679	Q47679	CHEBI:28965	a dicarboxylate	[O-]C(=O)[*]C([O-])=O	11716
http://purl.uniprot.org/uniprot/Q47679	Q47679	CHEBI:77450	a monoamide of a dicarboxylate	NC(=O)[*]C([O-])=O	11716
http://purl.uniprot.org/uniprot/P46883	P46883	CHEBI:58001	an aliphatic amine	[NH3+]C[*]	16153
http://purl.uniprot.org/uniprot/P0A6R0	P0A6R0	CHEBI:78450	3-oxobutanoyl-[ACP]	CC(=O)CC(=O)SCCNC(=O)CCNC(=O)[C@H](O)C(C)(C)COP([O-])(=O)OC[C@H](N-*)C(-*)=O	12080
http://purl.uniprot.org/uniprot/P0A6R0	P0A6R0	CHEBI:78818	3-oxopentanoyl-[ACP]	CCC(=O)CC(=O)SCCNC(=O)CCNC(=O)[C@H](O)C(C)(C)COP([O-])(=O)OC[C@H](N-*)C(-*)=O	42244
http://purl.uniprot.org/uniprot/P0A6R0	P0A6R0	CHEBI:78449	malonyl-[ACP]	CC(C)(COP([O-])(=O)OC[C@H](N-*)C(-*)=O)[C@@H](O)C(=O)NCCC(=O)NCCSC(=O)CC([O-])=O	42244,12080
http://purl.uniprot.org/uniprot/P0A6K3	P0A6K3	CHEBI:64731	N-terminal L-methionyl-[peptide]	O=C(*)[C@@H]([NH3+])CCSC	24420
http://purl.uniprot.org/uniprot/P0A6K3	P0A6K3	CHEBI:49298	N-terminal N-formyl-L-methionyl-[peptide]	C(=O)(N[C@H](C(=O)*)CCSC)[H]	24420
http://purl.uniprot.org/uniprot/P30131	P30131	CHEBI:76913	C-terminal L-cysteinyl-[HypE protein]	[O-]C(=O)[C@H](CS)N-*	55636
http://purl.uniprot.org/uniprot/P30131	P30131	CHEBI:139126	C-terminal S-carboxamide-L-cysteinyl-[HypE protein]	C([C@H](CSC(N)=O)N*)(=O)[O-]	55636
http://purl.uniprot.org/uniprot/P24193	P24193	CHEBI:139127	C-terminal S-cyanate-L-cysteinyl-[HypE protein]	C([C@H](CSC#N)N*)(=O)[O-]	55644
http://purl.uniprot.org/uniprot/P42593	P42593	CHEBI:85101	a (2E,4E)-dienoyl-CoA	CC(C)(COP([O-])(=O)OP([O-])(=O)OC[C@H]1O[C@H]([C@H](O)[C@@H]1OP([O-])([O-])=O)n1cnc2c(N)ncnc12)[C@@H](O)C(=O)NCCC(=O)NCCSC(=O)\C=C\C=C\[*]	12136
http://purl.uniprot.org/uniprot/P42593	P42593	CHEBI:85099	a (2E,4Z)-dienoyl-CoA	CC(C)(COP([O-])(=O)OP([O-])(=O)OC[C@H]1O[C@H]([C@H](O)[C@@H]1OP([O-])([O-])=O)n1cnc2c(N)ncnc12)[C@@H](O)C(=O)NCCC(=O)NCCSC(=O)\C=C\C=C/[*]	45232
http://purl.uniprot.org/uniprot/P42593	P42593	CHEBI:85100	a 4,5-saturated-(2E)-enoyl-CoA	CC(C)(COP([O-])(=O)OP([O-])(=O)OC[C@H]1O[C@H]([C@H](O)[C@@H]1OP([O-])([O-])=O)n1cnc2c(N)ncnc12)[C@@H](O)C(=O)NCCC(=O)NCCSC(=O)\C=C\CC[*]	12136,45232
http://purl.uniprot.org/uniprot/P0AA84	P0AA84	CHEBI:62237	a cardiolipin	OC(COP([O-])(=O)OC[C@@H](COC([*])=O)OC([*])=O)COP([O-])(=O)OC[C@@H](COC([*])=O)OC([*])=O	31451
http://purl.uniprot.org/uniprot/P07330	P07330	CHEBI:82795	[protein]-L-glutamate 5-O-methyl ester	COC(=O)CC[C@H](N-*)C(-*)=O	23236
http://purl.uniprot.org/uniprot/P07330	P07330	CHEBI:29973	L-glutamyl-[protein]	C(*)(=O)[C@@H](N*)CCC(=O)[O-]	16441,23236
http://purl.uniprot.org/uniprot/P0AAG3	P0AAG3	CHEBI:62031	a polar amino acid	C(C([O-])=O)(*)[NH3+]	14673,14673
http://purl.uniprot.org/uniprot/P06611	P06611	CHEBI:140785	an R-cob(III)alamin	[Co-3]1234(N5C6=C(C7=[N+]4C(=CC8=[N+]3C(=C(C9=[N+]2[C@@]([C@]5([C@@H]([C@@]6(C)CCC(=O)NC[C@H](OP(O[C@@H]%10[C@H](O[C@H](N%11C=[N+]1C%12=CC(=C(C=C%12%11)C)C)[C@@H]%10O)CO)(=O)[O-])C)CC(=O)N)[H])([C@]([C@@H]9CCC(N)=O)(CC(=O)N)C)C)C)[C@](C)([C@@H]8CCC(=O)N)CC(N)=O)C([C@@H]7CCC(=O)N)(C)C)C)*	17873,17873
http://purl.uniprot.org/uniprot/P33195	P33195	CHEBI:83143	(R)-N(6)-(S(8)-aminomethyldihydrolipoyl)-L-lysyl-[glycine-cleavage complex H protein]	[NH3+]CSCC[C@H](S)CCCCC(=O)NCCCC[C@H](N-*)C(-*)=O	24304
http://purl.uniprot.org/uniprot/P0AB96	P0AB96	CHEBI:146199	glutathionyl-S-S-[glutaredoxin]	[NH3+][C@@H](CCC(=O)N[C@@H](CSSC[C@@H](C(=O)*)N*)C(=O)NCC(=O)[O-])C(=O)[O-]	22016
http://purl.uniprot.org/uniprot/P13001	P13001	CHEBI:82735	6-carboxyhexanoyl-[ACP] methyl ester	COC(=O)CCCCCC(=O)SCCNC(=O)CCNC(=O)[C@H](O)C(C)(C)COP([O-])(=O)OC[C@H](N-*)C(-*)=O	42700
http://purl.uniprot.org/uniprot/P13001	P13001	CHEBI:78846	6-carboxyhexanoyl-[ACP]	CC(C)(COP([O-])(=O)OC[C@H](N-*)C(-*)=O)[C@@H](O)C(=O)NCCC(=O)NCCSC(=O)CCCCCC([O-])=O	42700
http://purl.uniprot.org/uniprot/P77390	P77390	CHEBI:82683	holo-[citrate lyase ACP]	CC(C)(COP([O-])(=O)OP([O-])(=O)OC[C@H]1O[C@H]([C@H](O[C@H]2O[C@H](COP([O-])(=O)OC[C@H](N-*)C(-*)=O)[C@@H](O)[C@H]2O)[C@@H]1O)n1cnc2c(N)ncnc12)[C@@H](O)C(=O)NCCC(=O)NCCS	23788
http://purl.uniprot.org/uniprot/P77390	P77390	CHEBI:137976	acetyl-[citrate lyase ACP]	O1[C@@H]([C@@H]([C@@H]([C@H]1COP(OC[C@H](N*)C(=O)*)([O-])=O)O)O)O[C@H]2[C@H](N3C4=C(C(=NC=N4)N)N=C3)O[C@H](COP(OP(OCC([C@H](C(NCCC(NCCSC(C)=O)=O)=O)O)(C)C)(=O)[O-])(=O)[O-])[C@H]2O	23788
http://purl.uniprot.org/uniprot/P76503	P76503	CHEBI:90726	a 3-oxoacyl-CoA	[C@@H]1(N2C3=C(C(=NC=N3)N)N=C2)O[C@H](COP(OP(OCC([C@H](C(NCCC(NCCSC(=O)CC(=O)*)=O)=O)O)(C)C)(=O)[O-])(=O)[O-])[C@H]([C@H]1O)OP([O-])([O-])=O	21564
http://purl.uniprot.org/uniprot/P0A6Q6	P0A6Q6	CHEBI:78827	a (3R)-hydroxyacyl-[ACP]	CC(C)(COP([O-])(=O)OC[C@H](N-*)C(-*)=O)[C@@H](O)C(=O)NCCC(=O)NCCSC(=O)C[C@H](O)[*]	13097
http://purl.uniprot.org/uniprot/P0A6Q6	P0A6Q6	CHEBI:78474	(3R)-hydroxytetradecanoyl-[ACP]	CCCCCCCCCCC[C@@H](O)CC(=O)SCCNC(=O)CCNC(=O)[C@H](O)C(C)(C)COP([O-])(=O)OC[C@H](N-*)C(-*)=O	41892
http://purl.uniprot.org/uniprot/P0A6Q6	P0A6Q6	CHEBI:78462	(2E)-octenoyl-[ACP]	C(NC(CCNC(=O)[C@@H](C(COP(OC[C@@H](C(*)=O)N*)(=O)[O-])(C)C)O)=O)CSC(/C=C/CCCCC)=O	41844
http://purl.uniprot.org/uniprot/P0A6Q6	P0A6Q6	CHEBI:138403	(2E,9Z)-hexadecadienoyl-[ACP]	C(NC(CCNC(=O)[C@@H](C(COP(OC[C@@H](C(*)=O)N*)(=O)[O-])(C)C)O)=O)CSC(/C=C/CCCCC/C=C\CCCCCC)=O	54932
http://purl.uniprot.org/uniprot/P0A6Q6	P0A6Q6	CHEBI:78986	(3R)-hydroxy-5-methylhexanoyl-[ACP]	CC(C)C[C@@H](O)CC(=O)SCCNC(=O)CCNC(=O)[C@H](O)C(C)(C)COP([O-])(=O)OC[C@H](N-*)C(-*)=O	55128
http://purl.uniprot.org/uniprot/P0A6Q6	P0A6Q6	CHEBI:78466	(3R)-hydroxydecanoyl-[ACP]	CCCCCCC[C@@H](O)CC(=O)SCCNC(=O)CCNC(=O)[C@H](O)C(C)(C)COP([O-])(=O)OC[C@H](N-*)C(-*)=O	41860
http://purl.uniprot.org/uniprot/P0A6Q6	P0A6Q6	CHEBI:78480	(3R)-hydroxyhexadecanoyl-[ACP]	CCCCCCCCCCCCC[C@@H](O)CC(=O)SCCNC(=O)CCNC(=O)[C@H](O)C(C)(C)COP([O-])(=O)OC[C@H](N-*)C(-*)=O	41908
http://purl.uniprot.org/uniprot/P0A6Q6	P0A6Q6	CHEBI:78470	(3R)-hydroxydodecanoyl-[ACP]	CCCCCCCCC[C@@H](O)CC(=O)SCCNC(=O)CCNC(=O)[C@H](O)C(C)(C)COP([O-])(=O)OC[C@H](N-*)C(-*)=O	41876
http://purl.uniprot.org/uniprot/P0A6Q6	P0A6Q6	CHEBI:78472	(2E)-dodecenoyl-[ACP]	CCCCCCCCC\C=C\C(=O)SCCNC(=O)CCNC(=O)[C@H](O)C(C)(C)COP([O-])(=O)OC[C@H](N-*)C(-*)=O	41876
http://purl.uniprot.org/uniprot/P0A6Q6	P0A6Q6	CHEBI:78475	(2E)-tetradecenoyl-[ACP]	CCCCCCCCCCC\C=C\C(=O)SCCNC(=O)CCNC(=O)[C@H](O)C(C)(C)COP([O-])(=O)OC[C@H](N-*)C(-*)=O	41892
http://purl.uniprot.org/uniprot/P0A6Q6	P0A6Q6	CHEBI:78453	(2E)-butenoyl-[ACP]	C\C=C\C(=O)SCCNC(=O)CCNC(=O)[C@H](O)C(C)(C)COP([O-])(=O)OC[C@H](N-*)C(-*)=O	41808
http://purl.uniprot.org/uniprot/P0A6Q6	P0A6Q6	CHEBI:78461	(3R)-hydroxyoctanoyl-[ACP]	CCCCC[C@@H](O)CC(=O)SCCNC(=O)CCNC(=O)[C@H](O)C(C)(C)COP([O-])(=O)OC[C@H](N-*)C(-*)=O	41844
http://purl.uniprot.org/uniprot/P0A6Q6	P0A6Q6	CHEBI:78481	(2E)-hexadecenoyl-[ACP]	CCCCCCCCCCCCC\C=C\C(=O)SCCNC(=O)CCNC(=O)[C@H](O)C(C)(C)COP([O-])(=O)OC[C@H](N-*)C(-*)=O	41908
http://purl.uniprot.org/uniprot/P0A6Q6	P0A6Q6	CHEBI:138407	(3R)-hydroxy-(9Z)-hexadecenoyl-[ACP]	C(NC(CCNC(=O)[C@@H](C(COP(OC[C@@H](C(*)=O)N*)(=O)[O-])(C)C)O)=O)CSC(C[C@@H](CCCCC/C=C\CCCCCC)O)=O	54932
http://purl.uniprot.org/uniprot/P0A6Q6	P0A6Q6	CHEBI:78458	(2E)-hexenoyl-[ACP]	CCC\C=C\C(=O)SCCNC(=O)CCNC(=O)[C@H](O)C(C)(C)COP([O-])(=O)OC[C@H](N-*)C(-*)=O	41828
http://purl.uniprot.org/uniprot/P0A6Q6	P0A6Q6	CHEBI:78467	(2E)-decenoyl-[ACP]	CCCCCCC\C=C\C(=O)SCCNC(=O)CCNC(=O)[C@H](O)C(C)(C)COP([O-])(=O)OC[C@H](N-*)C(-*)=O	41860
http://purl.uniprot.org/uniprot/P0A6Q6	P0A6Q6	CHEBI:78784	a (2E)-enoyl-[ACP]	CC(C)(COP([O-])(=O)OC[C@H](N-*)C(-*)=O)[C@@H](O)C(=O)NCCC(=O)NCCSC(=O)\C=C\[*]	13097
http://purl.uniprot.org/uniprot/P0A6Q6	P0A6Q6	CHEBI:78451	(3R)-hydroxybutanoyl-[ACP]	C[C@@H](O)CC(=O)SCCNC(=O)CCNC(=O)[C@H](O)C(C)(C)COP([O-])(=O)OC[C@H](N-*)C(-*)=O	41808
http://purl.uniprot.org/uniprot/P0A6Q6	P0A6Q6	CHEBI:138610	(2E)-5-methylhexenoyl-[ACP]	C(NC(CCNC(=O)[C@@H](C(COP(OC[C@@H](C(*)=O)N*)(=O)[O-])(C)C)O)=O)CSC(/C=C/CC(C)C)=O	55128
http://purl.uniprot.org/uniprot/P0A6Q6	P0A6Q6	CHEBI:78457	(3R)-hydroxyhexanoyl-[ACP]	CCC[C@@H](O)CC(=O)SCCNC(=O)CCNC(=O)[C@H](O)C(C)(C)COP([O-])(=O)OC[C@H](N-*)C(-*)=O	41828
http://purl.uniprot.org/uniprot/P21177	P21177	CHEBI:85097	a 4-saturated (2E)-enoyl-CoA	CC(C)(COP([O-])(=O)OP([O-])(=O)OC[C@H]1O[C@H]([C@H](O)[C@@H]1OP([O-])([O-])=O)n1cnc2c(N)ncnc12)[C@@H](O)C(=O)NCCC(=O)NCCSC(=O)\C=C\C[*]	45900,45228
http://purl.uniprot.org/uniprot/P21177	P21177	CHEBI:85489	a (3Z)-enoyl-CoA	CC(C)(COP([O-])(=O)OP([O-])(=O)OC[C@H]1O[C@H]([C@H](O)[C@@H]1OP([O-])([O-])=O)n1cnc2c(N)ncnc12)[C@@H](O)C(=O)NCCC(=O)NCCSC(=O)C\C=C/[*]	45900
http://purl.uniprot.org/uniprot/P04335	P04335	CHEBI:33308	a carboxylic ester	[*]C(=O)O[*]	21164
http://purl.uniprot.org/uniprot/P06134	P06134	CHEBI:140284	2'-deoxyribonucleotide-DNA	*[C@@H]1O[C@H](COP(=O)(*)[O-])[C@@H](O*)C1	56324
http://purl.uniprot.org/uniprot/P06134	P06134	CHEBI:140286	(2'-deoxyribonucleoside 5'-methylphosphotriester)-DNA	*[C@@H]1O[C@H](COP(=O)(*)OC)[C@@H](O*)C1	56324
http://purl.uniprot.org/uniprot/P23882	P23882	CHEBI:78844	N-formyl-L-methionyl-tRNA(fMet)	CSCC[C@H](NC=O)C(=O)O[C@@H]1[C@@H](COP([O-])(-*)=O)O[C@H]([C@@H]1O)n1cnc2c(N)ncnc12	24380
http://purl.uniprot.org/uniprot/P0ABT5	P0ABT5	CHEBI:74443	a 5,6-dihydrouridine in tRNA	C1CC(NC(N1[C@@H]2O[C@H](COP(*)(=O)[O-])[C@H]([C@H]2O)O*)=O)=O	23624,54452
http://purl.uniprot.org/uniprot/P27249	P27249	CHEBI:90602	[protein-PII]-uridylyl-L-tyrosine	C1=CC(NC(N1[C@@H]2O[C@H](COP(OC3=CC=C(C=C3)C[C@H](N*)C(=O)*)(=O)[O-])[C@H]([C@H]2O)O)=O)=O	13673,48600
http://purl.uniprot.org/uniprot/P0AAI5	P0AAI5	CHEBI:78473	3-oxotetradecanoyl-[ACP]	CCCCCCCCCCCC(=O)CC(=O)SCCNC(=O)CCNC(=O)[C@H](O)C(C)(C)COP([O-])(=O)OC[C@H](N-*)C(-*)=O	41884
http://purl.uniprot.org/uniprot/P0AAI5	P0AAI5	CHEBI:78464	3-oxodecanoyl-[ACP]	CCCCCCCC(=O)CC(=O)SCCNC(=O)CCNC(=O)[C@H](O)C(C)(C)COP([O-])(=O)OC[C@H](N-*)C(-*)=O	41852
http://purl.uniprot.org/uniprot/P0AAI5	P0AAI5	CHEBI:78776	a 3-oxoacyl-[ACP]	CC(C)(COP([O-])(=O)OC[C@H](N-*)C(-*)=O)[C@@H](O)C(=O)NCCC(=O)NCCSC(=O)CC([*])=O	22836
http://purl.uniprot.org/uniprot/P0AAI5	P0AAI5	CHEBI:78469	3-oxododecanoyl-[ACP]	CCCCCCCCCC(=O)CC(=O)SCCNC(=O)CCNC(=O)[C@H](O)C(C)(C)COP([O-])(=O)OC[C@H](N-*)C(-*)=O	41868
http://purl.uniprot.org/uniprot/P0AAI5	P0AAI5	CHEBI:78460	3-oxooctanoyl-[ACP]	CCCCCC(=O)CC(=O)SCCNC(=O)CCNC(=O)[C@H](O)C(C)(C)COP([O-])(=O)OC[C@H](N-*)C(-*)=O	41836
http://purl.uniprot.org/uniprot/P0AAI5	P0AAI5	CHEBI:78478	3-oxohexadecanoyl-[ACP]	CCCCCCCCCCCCCC(=O)CC(=O)SCCNC(=O)CCNC(=O)[C@H](O)C(C)(C)COP([O-])(=O)OC[C@H](N-*)C(-*)=O	41900
http://purl.uniprot.org/uniprot/P0AAI5	P0AAI5	CHEBI:78459	hexanoyl-[ACP]	CCCCCC(=O)SCCNC(=O)CCNC(=O)[C@H](O)C(C)(C)COP([O-])(=O)OC[C@H](N-*)C(-*)=O	41836
http://purl.uniprot.org/uniprot/P0AAI5	P0AAI5	CHEBI:78468	decanoyl-[ACP]	CCCCCCCCCC(=O)SCCNC(=O)CCNC(=O)[C@H](O)C(C)(C)COP([O-])(=O)OC[C@H](N-*)C(-*)=O	41868
http://purl.uniprot.org/uniprot/P0AAI5	P0AAI5	CHEBI:138538	3-oxo-(11Z)-octadecenoyl-[ACP]	C(NC(CCNC(=O)[C@@H](C(COP(OC[C@@H](C(*)=O)N*)(=O)[O-])(C)C)O)=O)CSC(=O)CC(CCCCCCC/C=C\CCCCCC)=O	55040
http://purl.uniprot.org/uniprot/P0A6Q3	P0A6Q3	CHEBI:78798	(3Z)-decenoyl-[ACP]	CCCCCC\C=C/CC(=O)SCCNC(=O)CCNC(=O)[C@H](O)C(C)(C)COP([O-])(=O)OC[C@H](N-*)C(-*)=O	23568
http://purl.uniprot.org/uniprot/P75849	P75849	CHEBI:58896	a 2-hydroxy carboxylate	OC([*])C([O-])=O	21864
http://purl.uniprot.org/uniprot/P75849	P75849	CHEBI:71261	an S-(2-hydroxyacyl)glutathione	[NH3+][C@@H](CCC(=O)N[C@@H](CSC(=O)C(O)[*])C(=O)NCC([O-])=O)C([O-])=O	21864
http://purl.uniprot.org/uniprot/P18956	P18956	CHEBI:143103	an S-substituted L-cysteinylglycine	[C@@H](CS*)([NH3+])C(=O)NCC(=O)[O-]	59468
http://purl.uniprot.org/uniprot/P18956	P18956	CHEBI:78608	an alpha-amino acid	[NH3+]C([*])C([O-])=O	23904
http://purl.uniprot.org/uniprot/P18956	P18956	CHEBI:78599	an N-terminal (5-L-glutamyl)-[peptide]	[NH3+][C@@H](CCC(=O)N[C@@H]([*])C(-*)=O)C([O-])=O	23904
http://purl.uniprot.org/uniprot/P18956	P18956	CHEBI:77644	5-L-glutamyl amino acid	[NH3+][C@@H](CCC(=O)NC([*])C([O-])=O)C([O-])=O	23904
http://purl.uniprot.org/uniprot/P10378	P10378	CHEBI:90610	2,3-dihydroxybenzoyl-[aryl-carrier protein]	C(NC(CCNC(=O)[C@@H](C(COP(OC[C@@H](C(*)=O)N*)(=O)[O-])(C)C)O)=O)CSC(C1=C(C(=CC=C1)O)O)=O	48604,61652
http://purl.uniprot.org/uniprot/P0AB85	P0AB85	CHEBI:74257	FMN-L-threonyl-[protein]	P(=O)(OC[C@H]([C@@H](O)[C@H](CN1C=2C(=NC3=C1C=C(C)C(=C3)C)C([N-]C(N2)=O)=O)O)O)(O[C@H](C)[C@@H](C(*)=O)N*)[O-]	36847
http://purl.uniprot.org/uniprot/P0AEK2	P0AEK2	CHEBI:78987	(3R)-hydroxyheptanoyl-[ACP]	CCCC[C@@H](O)CC(=O)SCCNC(=O)CCNC(=O)[C@H](O)C(C)(C)COP([O-])(=O)OC[C@H](N-*)C(-*)=O	55104
http://purl.uniprot.org/uniprot/P0AEK2	P0AEK2	CHEBI:78983	(3R)-hydroxypentanoyl-[ACP]	CC[C@@H](O)CC(=O)SCCNC(=O)CCNC(=O)[C@H](O)C(C)(C)COP([O-])(=O)OC[C@H](N-*)C(-*)=O	55100
http://purl.uniprot.org/uniprot/P0AEK2	P0AEK2	CHEBI:78820	4-methyl-3-oxopentanoyl-[ACP]	CC(C)C(=O)CC(=O)SCCNC(=O)CCNC(=O)[C@H](O)C(C)(C)COP([O-])(=O)OC[C@H](N-*)C(-*)=O	55112
http://purl.uniprot.org/uniprot/P0AEK2	P0AEK2	CHEBI:78823	4-methyl-3-oxohexanoyl-[ACP]	CCC(C)C(=O)CC(=O)SCCNC(=O)CCNC(=O)[C@H](O)C(C)(C)COP([O-])(=O)OC[C@H](N-*)C(-*)=O	55120
http://purl.uniprot.org/uniprot/P0AEK2	P0AEK2	CHEBI:78984	(3R)-hydroxy-4-methylpentanoyl-[ACP]	CC(C)[C@@H](O)CC(=O)SCCNC(=O)CCNC(=O)[C@H](O)C(C)(C)COP([O-])(=O)OC[C@H](N-*)C(-*)=O	55112
http://purl.uniprot.org/uniprot/P0AEK2	P0AEK2	CHEBI:138406	3-oxo-(9Z)-hexadecenoyl-[ACP]	C(NC(CCNC(=O)[C@@H](C(COP(OC[C@@H](C(*)=O)N*)(=O)[O-])(C)C)O)=O)CSC(CC(CCCCC/C=C\CCCCCC)=O)=O	54928
http://purl.uniprot.org/uniprot/P0AEK2	P0AEK2	CHEBI:78456	3-oxohexanoyl-[ACP]	CCCC(=O)CC(=O)SCCNC(=O)CCNC(=O)[C@H](O)C(C)(C)COP([O-])(=O)OC[C@H](N-*)C(-*)=O	41824
http://purl.uniprot.org/uniprot/P0AEK2	P0AEK2	CHEBI:78822	5-methyl-3-oxohexanoyl-[ACP]	CC(C)CC(=O)CC(=O)SCCNC(=O)CCNC(=O)[C@H](O)C(C)(C)COP([O-])(=O)OC[C@H](N-*)C(-*)=O	55116
http://purl.uniprot.org/uniprot/P0AEK2	P0AEK2	CHEBI:78826	3-oxononanoyl-[ACP]	CCCCCCC(=O)CC(=O)SCCNC(=O)CCNC(=O)[C@H](O)C(C)(C)COP([O-])(=O)OC[C@H](N-*)C(-*)=O	55108
http://purl.uniprot.org/uniprot/P0AEK2	P0AEK2	CHEBI:78988	(3R)-hydroxynonanoyl-[ACP]	CCCCCC[C@@H](O)CC(=O)SCCNC(=O)CCNC(=O)[C@H](O)C(C)(C)COP([O-])(=O)OC[C@H](N-*)C(-*)=O	55108
http://purl.uniprot.org/uniprot/P0AEK2	P0AEK2	CHEBI:78985	(3R)-hydroxy-4-methylhexanoyl-[ACP]	CCC(C)[C@@H](O)CC(=O)SCCNC(=O)CCNC(=O)[C@H](O)C(C)(C)COP([O-])(=O)OC[C@H](N-*)C(-*)=O	55120
http://purl.uniprot.org/uniprot/P0AEK2	P0AEK2	CHEBI:78824	3-oxoheptanoyl-[ACP]	CCCCC(=O)CC(=O)SCCNC(=O)CCNC(=O)[C@H](O)C(C)(C)COP([O-])(=O)OC[C@H](N-*)C(-*)=O	55104
http://purl.uniprot.org/uniprot/P0A8P1	P0A8P1	CHEBI:133043	N-terminal L-leucyl-L-lysyl-[protein]	N(C([C@@H]([NH3+])CC(C)C)=O)[C@H](C(*)=O)CCCC[NH3+]	12340
http://purl.uniprot.org/uniprot/P0A8P1	P0A8P1	CHEBI:133044	N-terminal L-leucyl-L-arginyl-[protein]	N(C([C@@H]([NH3+])CC(C)C)=O)[C@H](C(*)=O)CCCNC(N)=[NH2+]	50416
http://purl.uniprot.org/uniprot/P0A8P1	P0A8P1	CHEBI:83561	an N-terminal L-phenylalanyl-L-alpha-aminoacyl-[protein]	[NH3+][C@@H](Cc1ccccc1)C(=O)N[C@@H]([*])C(-*)=O	43632
http://purl.uniprot.org/uniprot/P0A8P1	P0A8P1	CHEBI:64719	N-terminal L-arginyl-[protein]	O=C(*)[C@@H]([NH3+])CCCNC(=[NH2+])N	50416
http://purl.uniprot.org/uniprot/P0A8P1	P0A8P1	CHEBI:65249	N-terminal L-lysyl-[protein]	C([C@@H](C(*)=O)[NH3+])CCC[NH3+]	12340
http://purl.uniprot.org/uniprot/P0AEB2	P0AEB2	CHEBI:140347	a substituted beta-amino acid	C(C(=O)[O-])(*)C([NH2+]*)*	20401
http://purl.uniprot.org/uniprot/P0AEB2	P0AEB2	CHEBI:35627	a beta-lactam	C1(C(N(*)C1*)=O)*	20401
http://purl.uniprot.org/uniprot/P25437	P25437	CHEBI:17087	a ketone	[*]C([*])=O	10740
http://purl.uniprot.org/uniprot/P25437	P25437	CHEBI:35681	a secondary alcohol	*C(*)O	10740
http://purl.uniprot.org/uniprot/P10441	P10441	CHEBI:176338	a lipid X	[C@@H]1(OP(=O)([O-])[O-])[C@H](NC(=O)C[C@@H](*)O)[C@H]([C@@H]([C@@H](CO)O1)O)OC(=O)C[C@@H](*)O	67828
http://purl.uniprot.org/uniprot/P10441	P10441	CHEBI:137748	a UDP-2-N,3-O-bis[(3R)-3-hydroxyacyl]-alpha-D-glucosamine	[C@@H]1(N2C(NC(=O)C=C2)=O)O[C@H](COP(OP([O-])(O[C@@H]3[C@@H]([C@H]([C@@H]([C@H](O3)CO)O)OC(=O)C[C@@H](*)O)NC(C[C@@H](*)O)=O)=O)([O-])=O)[C@H]([C@H]1O)O	67828
http://purl.uniprot.org/uniprot/P10441	P10441	CHEBI:176343	a lipid A disaccharide	[C@H]1(O)[C@H](OC(=O)C[C@@H](*)O)[C@@H](NC(=O)C[C@@H](*)O)[C@@H](O[C@@H]1CO)OC[C@@H]2[C@H]([C@@H]([C@H]([C@H](O2)OP(=O)([O-])[O-])NC(=O)C[C@@H](*)O)OC(=O)C[C@@H](*)O)O	67828
http://purl.uniprot.org/uniprot/P11454	P11454	CHEBI:144955	L-seryl-[peptidyl-carrier protein]	C(NC(CCNC(=O)[C@@H](C(COP(OC[C@@H](C(*)=O)N*)(=O)[O-])(C)C)O)=O)CSC([C@H](CO)[NH3+])=O	61704
http://purl.uniprot.org/uniprot/P36566	P36566	CHEBI:136879	5-carboxymethoxyuridine(34) in tRNA	C1=C(C(NC(N1[C@@H]2O[C@H](COP(*)(=O)[O-])[C@H]([C@H]2O)O*)=O)=O)OCC([O-])=O	54080
http://purl.uniprot.org/uniprot/P36566	P36566	CHEBI:138053	5-methoxycarbonylmethoxyuridine(34) in tRNA	C1=C(C(NC(N1[C@@H]2O[C@H](COP(*)(=O)[O-])[C@H]([C@H]2O)O*)=O)=O)OCC(OC)=O	54080
http://purl.uniprot.org/uniprot/P0AEK4	P0AEK4	CHEBI:78483	hexadecanoyl-[ACP]	CCCCCCCCCCCCCCCC(=O)SCCNC(=O)CCNC(=O)[C@H](O)C(C)(C)COP([O-])(=O)OC[C@H](N-*)C(-*)=O	54900
http://purl.uniprot.org/uniprot/P0AEK4	P0AEK4	CHEBI:78785	a 2,3-saturated acyl-[ACP]	CC(C)(COP([O-])(=O)OC[C@H](N-*)C(-*)=O)[C@@H](O)C(=O)NCCC(=O)NCCSC(=O)CC[*]	10240
http://purl.uniprot.org/uniprot/P0AEK4	P0AEK4	CHEBI:138611	5-methylhexanoyl-[ACP]	C(NC(CCNC(=O)[C@@H](C(COP(OC[C@@H](C(*)=O)N*)(=O)[O-])(C)C)O)=O)CSC(CCCC(C)C)=O	55124
http://purl.uniprot.org/uniprot/P0AEK4	P0AEK4	CHEBI:78454	butanoyl-[ACP]	CCCC(=O)SCCNC(=O)CCNC(=O)[C@H](O)C(C)(C)COP([O-])(=O)OC[C@H](N-*)C(-*)=O	54868
http://purl.uniprot.org/uniprot/P0A6M4	P0A6M4	CHEBI:79333	a D-aminoacyl-tRNA	Nc1ncnc2n(cnc12)[C@@H]1O[C@H](COP([O-])(-*)=O)[C@@H](OC(=O)[C@H]([NH3+])[*])[C@H]1O	13953
http://purl.uniprot.org/uniprot/P05804	P05804	CHEBI:83411	a beta-D-glucuronoside	O[C@@H]1[C@@H](O)[C@H](O[*])O[C@@H]([C@H]1O)C([O-])=O	17633
http://purl.uniprot.org/uniprot/P06961	P06961	CHEBI:83071	a tRNA with a 3' CCA end	Nc1ccn([C@@H]2O[C@H](COP([O-])(=O)O[C@H]3[C@@H](O)[C@@H](O[C@@H]3COP([O-])(=O)O[C@H]3[C@@H](O)[C@H]([*])O[C@@H]3COP([O-])(-*)=O)n3ccc(N)nc3=O)[C@@H](OP([O-])(=O)OC[C@H]3O[C@H]([C@H](O)[C@@H]3O)n3cnc4c(N)ncnc34)[C@H]2O)c(=O)n1	14433
http://purl.uniprot.org/uniprot/P06961	P06961	CHEBI:74896	a tRNA precursor	*[C@@H]1O[C@H](COP(*)(=O)[O-])[C@H]([C@H]1O)O	14433
http://purl.uniprot.org/uniprot/P0ABP8	P0ABP8	CHEBI:142361	a purine 2'-deoxy-D-ribonucleoside	C1(=*)NC(=NC2=C1N=CN2[C@@H]3O[C@H](CO)[C@@H](O)C3)*	36431
http://purl.uniprot.org/uniprot/P31119	P31119	CHEBI:65213	a 2-acyl-sn-glycero-3-phosphoethanolamine	[NH3+]CCOP([O-])(=O)OC[C@@H](CO)OC([*])=O	10304
http://purl.uniprot.org/uniprot/P0AED9	P0AED9	CHEBI:85452	a 2'-deoxycytidine in DNA	Nc1ccn([C@H]2C[C@H](O-*)[C@@H](COP([O-])(-*)=O)O2)c(=O)n1	13681
http://purl.uniprot.org/uniprot/P0AED9	P0AED9	CHEBI:85454	a 5-methyl-2'-deoxycytidine in DNA	Cc1cn([C@H]2C[C@H](O-*)[C@@H](COP([O-])(-*)=O)O2)c(=O)nc1N	13681
http://purl.uniprot.org/uniprot/P0A9H7	P0A9H7	CHEBI:76594	1-acyl-2-(9-cyclopronane)-acyl-sn-glycero-3-phospholipid	[O-]P(=O)(O[*])OC[C@@H](COC([*])=O)OC(=O)CCCCCCCC1CC1[*]	11988
http://purl.uniprot.org/uniprot/P0A9H7	P0A9H7	CHEBI:76593	1-acyl-2-(9Z)-enoyl-sn-glycero-3-phospholipid	[O-]P(=O)(O[*])OC[C@@H](COC([*])=O)OC(=O)CCCCCCC\C=C/[*]	11988
http://purl.uniprot.org/uniprot/P0AAG0	P0AAG0	CHEBI:90799	a dipeptide	[NH3+]C(C(NC(C([O-])=O)*)=O)*	23120,23120
http://purl.uniprot.org/uniprot/P05050	P05050	CHEBI:32875	a methylated nucleobase within DNA	C*	30299
http://purl.uniprot.org/uniprot/P12999	P12999	CHEBI:78845	malonyl-[ACP] methyl ester	COC(=O)CC(=O)SCCNC(=O)CCNC(=O)[C@H](O)C(C)(C)COP([O-])(=O)OC[C@H](N-*)C(-*)=O	17105
http://purl.uniprot.org/uniprot/P08331	P08331	CHEBI:66954	a nucleoside 2',3'-cyclic phosphate	OC[C@H]1O[C@@H]([*])[C@@H]2OP([O-])(=O)O[C@H]12	19621
http://purl.uniprot.org/uniprot/P08331	P08331	CHEBI:66949	a nucleoside 3'-phosphate	OC[C@H]1O[C@@H]([*])[C@H](O)[C@@H]1OP([O-])([O-])=O	19621
http://purl.uniprot.org/uniprot/P32664	P32664	CHEBI:144029	a 5'-end NAD(+)-phospho-ribonucleoside in mRNA	N1(C2=C(C(=NC=N2)N)N=C1)[C@@H]3O[C@H](COP(OP(OC[C@H]4O[C@@H]([N+]5=CC(=CC=C5)C(=O)N)[C@@H]([C@@H]4O)O)(=O)[O-])(=O)[O-])[C@H]([C@H]3O)OP(OC[C@H]6O[C@H]([C@@H]([C@@H]6O*)O)*)(=O)[O-]	60876
http://purl.uniprot.org/uniprot/P32664	P32664	CHEBI:144051	a 5'-end phospho-adenosine-phospho-ribonucleoside in mRNA	[C@@H]1(O[C@H]([C@@H]([C@@H]1OP(OC[C@H]2O[C@H]([C@@H]([C@@H]2O*)O)*)(=O)[O-])O)N3C4=C(C(=NC=N4)N)N=C3)COP([O-])(=O)[O-]	60876
http://purl.uniprot.org/uniprot/P0A953	P0A953	CHEBI:138410	3-oxo-(5Z)-dodecenoyl-[ACP]	C(NC(CCNC(=O)[C@@H](C(COP(OC[C@@H](C(*)=O)N*)(=O)[O-])(C)C)O)=O)CSC(CC(C/C=C\CCCCCC)=O)=O	54940
http://purl.uniprot.org/uniprot/P0A953	P0A953	CHEBI:138405	(7Z)-tetradecenoyl-[ACP]	C(NC(CCNC(=O)[C@@H](C(COP(OC[C@@H](C(*)=O)N*)(=O)[O-])(C)C)O)=O)CSC(CCCCC/C=C\CCCCCC)=O	54924
http://purl.uniprot.org/uniprot/P77182	P77182	CHEBI:74454	5-aminomethyl-2-thiouridine(34) in tRNA	[C@@H]1(N2C(NC(=O)C(=C2)C[NH3+])=S)O[C@H](COP(*)(=O)[O-])[C@H]([C@H]1O)O*	19569
http://purl.uniprot.org/uniprot/P25745	P25745	CHEBI:87170	2-thiouridine(34) in tRNA	O[C@@H]1[C@H](O-*)[C@@H](COP([O-])(-*)=O)O[C@H]1n1ccc(=O)[nH]c1=S	47032
