ChEBI_ID	Name	SMILES
CHEBI:2571	 an aliphatic alcohol	*O
CHEBI:13193	 A	*
CHEBI:13197	 a ribonucleoside 3'-phosphate	[1*][C@@H]1O[C@H](CO)[C@@H](OP(=O)([O-])[O-])[C@H]1O
CHEBI:13790	 an N-acetylarylamine	*NC(C)=O
CHEBI:13792	 an N-hydroxyarylamine	*NO
CHEBI:15734	 a primary alcohol	*C([H])([H])O
CHEBI:16042	 a halide anion	[*-]
CHEBI:16062	 an N-acyl-D-mannosamine	*C(=O)N[C@@H](C=O)[C@H](O)[C@@H](O)[C@@H](O)CO
CHEBI:17087	 a ketone	[1*]C([2*])=O
CHEBI:17478	 an aldehyde	[1*]C([H])=O
CHEBI:17499	 AH2	[H]*[H]
CHEBI:17792	 RX	**
CHEBI:17815	 a 1,2-diacyl-sn-glycerol	[1*]C(=O)OC[C@H](CO)OC([2*])=O
CHEBI:18254	 a ribonucleoside	*[C@@H]1O[C@H](CO)[C@@H](O)[C@H]1O
CHEBI:18274	 a 2'-deoxyribonucleoside	*[C@H]1C[C@H](O)[C@@H](CO)O1
CHEBI:21494	 an N-acetoxyarylamine	*NOC(C)=O
CHEBI:24646	 a quinol	[1*]C1=C(O)C([4*])=C([3*])C(O)=C1[2*]
CHEBI:26386	 a purine nucleobase	*/C1=N/C2=C(N=CN2)C(=*)N1
CHEBI:26432	 a pyrimidine nucleobase	*C1=NC(=*)NC(*)=C1*
CHEBI:28034	 a beta-D-galactoside	[1*]O[C@@H]1O[C@H](CO)[C@H](O)[C@H](O)[C@H]1O
CHEBI:28250	 a 6-acetyl-beta-D-galactoside	[1*]O[C@@H]1O[C@H](COC(C)=O)[C@H](O)[C@H](O)[C@H]1O
CHEBI:28868	 a fatty acid	*C(=O)[O-]
CHEBI:28965	 a dicarboxylate	O=C([O-])*C(=O)[O-]
CHEBI:29067	 a carboxylate	[1*]C(=O)[O-]
CHEBI:29256	 a thiol	*S
CHEBI:30879	 an alcohol	*O
CHEBI:33308	 a carboxylic ester	[1*]C(=O)O[2*]
CHEBI:33853	 a phenol	*C1=C(*)C(*)=C(O)C(*)=C1*
CHEBI:35179	 a 2-oxocarboxylate	[1*]C(=O)C(=O)[O-]
CHEBI:35436	 a D-glucoside	*OC1O[C@H](CO)[C@@H](O)[C@H](O)[C@H]1O
CHEBI:35627	 a beta-lactam	*C1C(=O)N(*)C1*
CHEBI:35681	 a secondary alcohol	*C(*)O
CHEBI:35924	 a hydroperoxide	*OO
CHEBI:50471	 an arylamine	*N([H])[H]
CHEBI:50477	 a butanoate ester	*OC(=O)CCC
CHEBI:57262	 a 1,2-diacyl-sn-glycero-3-phospho-L-serine	*C(=O)OC[C@H](COP(=O)([O-])OC[C@H]([NH3+])C(=O)[O-])OC(*)=O
CHEBI:57318	 a (3S)-3-hydroxy-fatty acyl-CoA	[1*][C@H](O)CC(=O)SCCNC(=O)CCNC(=O)[C@H](O)C(C)(C)COP(=O)([O-])OP(=O)([O-])OC[C@H]1O[C@@H](N2C=NC3=C2N=CN=C3N)[C@H](O)[C@@H]1OP(=O)([O-])[O-]
CHEBI:57560	 a long-chain fatty acid	*C(=O)[O-]
CHEBI:57599	 an N-acyl-D-glucosamine 6-phosphate	*C(=O)N[C@H]1[C@H](O)O[C@H](COP(=O)([O-])[O-])[C@@H](O)[C@@H]1O
CHEBI:57643	 a 1,2-diacyl-sn-glycero-3-phosphocholine	[1*]C(=O)OC[C@]([H])(COP(=O)([O-])OCC[N+](C)(C)C)OC([2*])=O
CHEBI:57666	 an N-acyl-D-mannosamine 6-phosphate	*C(=O)N[C@H](C=O)[C@@H](O)[C@H](O)[C@H](O)COP(=O)([O-])[O-]
CHEBI:57875	 a 2-acyl-sn-glycero-3-phosphocholine	[1*]C(=O)O[C@H](CO)COP(=O)([O-])OCC[N+](C)(C)C
CHEBI:57930	 a ribonucleoside 5'-diphosphate	*[C@@H]1O[C@H](COP(=O)([O-])OP(=O)([O-])[O-])[C@@H](O)[C@H]1O
CHEBI:57970	 a 1-acyl-sn-glycero-3-phosphate	*C(=O)OC[C@@H](O)COP(=O)([O-])[O-]
CHEBI:58001	 an aliphatic amine	[1*]C[NH3+]
CHEBI:58043	 a ribonucleoside 5'-phosphate	[1*][C@@H]1O[C@H](COP(=O)([O-])[O-])[C@@H](O)[C@H]1O
CHEBI:58168	 a 1-acyl-sn-glycero-3-phosphocholine	[1*]C(=O)OC[C@@H](O)COP(=O)([O-])OCC[N+](C)(C)C
CHEBI:58332	 a CDP-1,2-diacyl-sn-glycerol	[1*]C(=O)OC[C@H](COP(=O)([O-])OP(=O)([O-])OC[C@H]1O[C@@H](N2C=CC(N)=NC2=O)[C@H](O)[C@@H]1O)OC([2*])=O
CHEBI:58342	 an acyl-CoA	[1*]C(=O)SCCNC(=O)CCNC(=O)[C@H](O)C(C)(C)COP(=O)([O-])OP(=O)([O-])OC[C@H]1O[C@@H](N2C=NC3=C2N=CN=C3N)[C@H](O)[C@@H]1OP(=O)([O-])[O-]
CHEBI:58521	 a (3E)-enoyl-CoA	[1*]/C=C/CC(=O)SCCNC(=O)CCNC(=O)[C@H](O)C(C)(C)COP(=O)([O-])OP(=O)([O-])OC[C@H]1O[C@@H](N2C=NC3=C2N=CN=C3N)[C@H](O)[C@@H]1OP(=O)([O-])[O-]
CHEBI:58608	 a 1,2-diacyl-sn-glycero-3-phosphate	[1*]C(=O)OC[C@H](COP(=O)([O-])[O-])OC([2*])=O
CHEBI:58717	 an S-substituted L-cysteine	*SC[C@H]([NH3+])C(=O)[O-]
CHEBI:58856	 a (2E)-enoyl-CoA	[1*]/C=C/C(=O)SCCNC(=O)CCNC(=O)[C@H](O)C(C)(C)COP(=O)([O-])OP(=O)([O-])OC[C@H]1O[C@@H](N2C=NC3=C2N=CN=C3N)[C@H](O)[C@@H]1OP(=O)([O-])[O-]
CHEBI:58896	 a 2-hydroxy carboxylate	[1*]C(O)C(=O)[O-]
CHEBI:59869	 an L-alpha-amino acid	*[C@H]([NH3+])C(=O)[O-]
CHEBI:59871	 a D-alpha-amino acid	*[C@@H]([NH3+])C(=O)[O-]
CHEBI:59874	 an N-acyl-L-amino acid	[1*][C@H](NC([2*])=O)C(=O)[O-]
CHEBI:59918	 an acyl phosphate	*C(=O)OP(=O)([O-])[O-]
CHEBI:59996	 a 1,2-diacyl-sn-glycerol 3-diphosphate	*C(=O)OC[C@H](COP(=O)([O-])OP(=O)([O-])[O-])OC(*)=O
CHEBI:60015	 a 2,3-dehydroacyl-CoA	*C=CC(=O)SCCNC(=O)CCNC(=O)[C@H](O)C(C)(C)COP(=O)([O-])OP(=O)([O-])OC[C@H]1O[C@@H](N2C=NC3=C2N=CN=C3N)[C@H](O)[C@@H]1OP(=O)([O-])[O-]
CHEBI:60110	 1,2-diacyl-sn-glycero-3-phospho-(1'-sn-glycero-3'-phosphate)	*C(=O)OC[C@H](COP(=O)([O-])OC[C@@H](O)COP(=O)([O-])[O-])OC(*)=O
CHEBI:61557	 a ribonucleoside 5'-triphosphate	*[C@@H]1O[C@H](COP(=O)([O-])OP(=O)([O-])OP(=O)([O-])[O-])[C@@H](O)[C@H]1O
CHEBI:61560	 a 2'-deoxyribonucleoside 5'-triphosphate	*[C@H]1C[C@H](O)[C@@H](COP(=O)([O-])OP(=O)([O-])OP(=O)([O-])[O-])O1
CHEBI:62031	 a polar amino acid	*C([NH3+])C(=O)[O-]
CHEBI:62237	 a cardiolipin	[1*]C(=O)OC[C@H](COP(=O)([O-])OCC(O)COP(=O)([O-])OC[C@@H](COC([3*])=O)OC([4*])=O)OC([2*])=O
CHEBI:64612	 a 1,2-diacyl-sn-glycero-3-phosphoethanolamine	[1*]C(=O)OC[C@H](COP(=O)([O-])OCC[NH3+])OC([2*])=O
CHEBI:64716	 1,2-diacyl-sn-glycero-3-phospho-(1'-sn-glycerol)	*C(=O)OC[C@H](COP(=O)([O-])OC[C@@H](O)CO)OC(*)=O
CHEBI:65111	 a 2,3-saturated acyl-CoA	[1*]CCC(=O)SCCNC(=O)CCNC(=O)[C@H](O)C(C)(C)COP(=O)([O-])OP(=O)([O-])OC[C@H]1O[C@@H](N2C=NC3=C2N=CN=C3N)[C@H](O)[C@@H]1OP(=O)([O-])[O-]
CHEBI:65213	 a 2-acyl-sn-glycero-3-phosphoethanolamine	*C(=O)O[C@H](CO)COP(=O)([O-])OCC[NH3+]
CHEBI:65317	 a 2'-deoxyribonucleoside 5'-phosphate	*[C@H]1C[C@H](O)[C@@H](COP(=O)([O-])[O-])O1
CHEBI:66949	 a nucleoside 3'-phosphate	*[C@@H]1O[C@H](CO)[C@@H](OP(=O)([O-])[O-])[C@H]1O
CHEBI:66954	 a nucleoside 2',3'-cyclic phosphate	*[C@@H]1O[C@H](CO)[C@H]2OP(=O)([O-])O[C@@H]12
CHEBI:67140	 a phosphate monoester	*OP(=O)([O-])[O-]
CHEBI:71261	 an S-(2-hydroxyacyl)glutathione	*C(O)C(=O)SC[C@H](NC(=O)CC[C@H]([NH3+])C(=O)[O-])C(=O)NCC(=O)[O-]
CHEBI:73309	 an aromatic oxo-acid	*C(=O)C(=O)[O-]
CHEBI:73316	 a 2'-deoxyribonucleoside 5'-diphosphate	*[C@H]1C[C@H](O)[C@@H](COP(=O)([O-])OP(=O)([O-])[O-])O1
CHEBI:76593	 1-acyl-2-(9Z)-enoyl-sn-glycero-3-phospholipid	*/C=C\CCCCCCCC(=O)O[C@H](COC(*)=O)COP(=O)([O-])O*
CHEBI:76594	 1-acyl-2-(9-cyclopronane)-acyl-sn-glycero-3-phospholipid	*OP(=O)([O-])OC[C@@H](COC(*)=O)OC(=O)CCCCCCCC1CC1*
CHEBI:77369	 1-hexadecanoyl-2-acyl-sn-glycero-3-phosphocholine	*C(=O)O[C@H](COC(=O)CCCCCCCCCCCCCCC)COP(=O)([O-])OCC[N+](C)(C)C
CHEBI:77450	 a monoamide of a dicarboxylate	NC(=O)*C(=O)[O-]
CHEBI:77644	 5-L-glutamyl amino acid	*C(NC(=O)CC[C@H]([NH3+])C(=O)[O-])C(=O)[O-]
CHEBI:78608	 an alpha-amino acid	*C([NH3+])C(=O)[O-]
CHEBI:83139	 a long-chain fatty acyl-CoA	*C(=O)SCCNC(=O)CCNC(=O)[C@H](O)C(C)(C)COP(=O)([O-])OP(=O)([O-])OC[C@H]1O[C@@H](N2C=NC3=C2N=CN=C3N)[C@H](O)[C@@H]1OP(=O)([O-])[O-]
CHEBI:83402	 a ribonucleoside 3',5'-bisphosphate	*[C@@H]1O[C@H](COP(=O)([O-])[O-])[C@@H](OP(=O)([O-])[O-])[C@H]1O
CHEBI:83408	 a sn-glycero-3-phosphoester	*OP(=O)([O-])OC[C@H](O)CO
CHEBI:83411	 a beta-D-glucuronoside	*O[C@@H]1O[C@H](C(=O)[O-])[C@@H](O)[C@H](O)[C@H]1O
CHEBI:83721	 a long-chain 2,3-saturated fatty acyl-CoA	*CCC(=O)SCCNC(=O)CCNC(=O)[C@H](O)C(C)(C)COP(=O)([O-])OP(=O)([O-])OC[C@H]1O[C@@H](N2C=NC3=C2N=CN=C3N)[C@H](O)[C@@H]1OP(=O)([O-])[O-]
CHEBI:83723	 a medium-chain 2,3-saturated fatty acyl-CoA	*CCC(=O)SCCNC(=O)CCNC(=O)[C@H](O)C(C)(C)COP(=O)([O-])OP(=O)([O-])OC[C@H]1O[C@@H](N2C=NC3=C2N=CN=C3N)[C@H](O)[C@@H]1OP(=O)([O-])[O-]
CHEBI:83726	 a medium-chain trans-(2E)-enoyl-CoA	*/C=C/C(=O)SCCNC(=O)CCNC(=O)[C@H](O)C(C)(C)COP(=O)([O-])OP(=O)([O-])OC[C@H]1O[C@@H](N2C=NC3=C2N=CN=C3N)[C@H](O)[C@@H]1OP(=O)([O-])[O-]
CHEBI:83727	 a long-chain (2E)-enoyl-CoA	*/C=C/C(=O)SCCNC(=O)CCNC(=O)[C@H](O)C(C)(C)COP(=O)([O-])OP(=O)([O-])OC[C@H]1O[C@@H](N2C=NC3=C2N=CN=C3N)[C@H](O)[C@@H]1OP(=O)([O-])[O-]
CHEBI:84824	 an aromatic L-alpha-amino acid	*[C@H]([NH3+])C(=O)[O-]
CHEBI:85097	 a 4-saturated (2E)-enoyl-CoA	*C/C=C/C(=O)SCCNC(=O)CCNC(=O)[C@H](O)C(C)(C)COP(=O)([O-])OP(=O)([O-])OC[C@H]1O[C@@H](N2C=NC3=C2N=CN=C3N)[C@H](O)[C@@H]1OP(=O)([O-])[O-]
CHEBI:85099	 a (2E,4Z)-dienoyl-CoA	*/C=C\C=C\C(=O)SCCNC(=O)CCNC(=O)[C@H](O)C(C)(C)COP(=O)([O-])OP(=O)([O-])OC[C@H]1O[C@@H](N2C=NC3=C2N=CN=C3N)[C@H](O)[C@@H]1OP(=O)([O-])[O-]
CHEBI:85100	 a 4,5-saturated-(2E)-enoyl-CoA	*CC/C=C/C(=O)SCCNC(=O)CCNC(=O)[C@H](O)C(C)(C)COP(=O)([O-])OP(=O)([O-])OC[C@H]1O[C@@H](N2C=NC3=C2N=CN=C3N)[C@H](O)[C@@H]1OP(=O)([O-])[O-]
CHEBI:85101	 a (2E,4E)-dienoyl-CoA	*/C=C/C=C/C(=O)SCCNC(=O)CCNC(=O)[C@H](O)C(C)(C)COP(=O)([O-])OP(=O)([O-])OC[C@H]1O[C@@H](N2C=NC3=C2N=CN=C3N)[C@H](O)[C@@H]1OP(=O)([O-])[O-]
CHEBI:85489	 a (3Z)-enoyl-CoA	[1*]/C=C\CC(=O)SCCNC(=O)CCNC(=O)[C@H](O)C(C)(C)COP(=O)([O-])OP(=O)([O-])OC[C@H]1O[C@@H](N2C=NC3=C2N=CN=C3N)[C@H](O)[C@@H]1OP(=O)([O-])[O-]
CHEBI:87656	 a hexanoate ester	*OC(=O)CCCCC
CHEBI:87657	 an octanoate ester	*OC(=O)CCCCCCC
CHEBI:90726	 a 3-oxoacyl-CoA	*C(=O)CC(=O)SCCNC(=O)CCNC(=O)[C@H](O)C(C)(C)COP(=O)([O-])OP(=O)([O-])OC[C@H]1O[C@@H](N2C=NC3=C2N=CN=C3N)[C@H](O)[C@@H]1OP(=O)([O-])[O-]
CHEBI:90779	 an S-substituted glutathione	*SC[C@H](NC(=O)CC[C@H]([NH3+])C(=O)[O-])C(=O)NCC(=O)[O-]
CHEBI:90799	 a dipeptide	*C([NH3+])C(=O)NC(*)C(=O)[O-]
CHEBI:131487	 a 6-sulfo-alpha-D-quinovosyldiacylglycerol	*C(=O)OC[C@H](CO[C@H]1O[C@H](CS(=O)(=O)[O-])[C@@H](O)[C@H](O)[C@H]1O)OC(*)=O
CHEBI:132124	 a quinone	[1*]C1=C([2*])C(=O)C([3*])=C([4*])C1=O
CHEBI:134225	 a 1,4-benzosemiquinone	[1*]C1=C([O])C([4*])=C([3*])C(O)=C1[2*]
CHEBI:134249	 an alkanesulfonate	*CS(=O)(=O)[O-]
CHEBI:136912	 a glycerophospholipid	[1*]C(=O)OC[C@H](COP(=O)([O-])O[3*])OC([2*])=O
CHEBI:137480	 a 4-saturated-(3S)-3-hydroxyacyl-CoA	*C[C@H](O)CC(=O)SCCNC(=O)CCNC(=O)[C@H](O)C(C)(C)COP(=O)([O-])OP(=O)([O-])OC[C@H]1O[C@@H](N2C=NC3=C2N=CN=C3N)[C@H](O)[C@@H]1OP(=O)([O-])[O-]
CHEBI:138238	 a pyrimidine ribonucleoside 5'-phosphate	*C1=NC(=*)N([C@@H]2O[C@H](COP(=O)([O-])[O-])[C@@H](O)[C@H]2O)C(*)=C1*
CHEBI:140310	 a phenyl acetate	*C1=C(*)C(*)=C(OC(C)=O)C(*)=C1*
CHEBI:140347	 a substituted beta-amino acid	*[NH2+]C(*)C(*)C(=O)[O-]
CHEBI:140660	 a 1-lyso-glycerophospholipid	*OP(=O)([O-])OC[C@@H](CO)OC(*)=O
CHEBI:141014	 a pyrimidine ribonucleoside	*C1=NC(=*)N([C@@H]2O[C@H](CO)[C@@H](O)[C@H]2O)C(*)=C1*
CHEBI:142355	 a purine D-ribonucleoside	*C1=NC2=C(N=CN2[C@@H]2O[C@H](CO)[C@@H](O)[C@H]2O)C(=*)N1
CHEBI:142361	 a purine 2'-deoxy-D-ribonucleoside	*C1=NC2=C(N=CN2[C@H]2C[C@H](O)[C@@H](CO)O2)C(=*)N1
CHEBI:143103	 an S-substituted L-cysteinylglycine	*SC[C@H]([NH3+])C(=O)NCC(=O)[O-]
CHEBI:145014	 a D-guloside	*OC1O[C@H](CO)[C@H](O)[C@@H](O)[C@H]1O
CHEBI:145016	 a 3-dehydro-D-guloside	*OC1O[C@H](CO)[C@H](O)C(=O)[C@H]1O
CHEBI:145017	 a 3-dehydro-D-glucoside	*OC1O[C@H](CO)[C@@H](O)C(=O)[C@H]1O
CHEBI:50058		*N[C@@H](CSSC[C@H](N*)C(*)=O)C(*)=O
CHEBI:78536		*P(=O)([O-])OC[C@H]1O[C@@H](N2C=NC3=C2N=CN=C3N)[C@H](O)[C@@H]1OC(=O)[C@@H](N)CC1=CC=C(O)C=C1
CHEBI:78784		*/C=C/C(=O)SCCNC(=O)CCNC(=O)[C@H](O)C(C)(C)COP(=O)([O-])OC[C@H](N*)C(*)=O
CHEBI:64479		*N[C@@H](COP(=O)([O-])OCC(C)(C)[C@@H](O)C(=O)NCCC(=O)NCCS)C(*)=O
CHEBI:82620		*N[C@@H](CC1=CC=C(OP(=O)([O-])[O-])C=C1)C(*)=O
CHEBI:46858		*N[C@@H](CC1=CC=C(O)C=C1)C(*)=O
CHEBI:78537		*P(=O)([O-])OC[C@H]1O[C@@H](N2C=NC3=C(N)N=CN=C32)[C@H](O)[C@@H]1OC(=O)[C@@H]([NH3+])C(C)C
CHEBI:78528		*P(=O)([O-])OC[C@H]1O[C@@H](N2C=NC3=C(N)N=CN=C32)[C@H](O)[C@@H]1OC(=O)[C@@H]([NH3+])[C@@H](C)CC
CHEBI:78515		*P(=O)([O-])OC[C@H]1O[C@@H](N2C=NC3=C2N=CN=C3N)[C@H](O)[C@@H]1OC(=O)[C@@H](N)CC(N)=O
POLYMER:14647		*[C@@H]1O[C@H](CO[H])[C@@H](OP(=O)([O-])OC[C@H]2O[C@@H](N3/C=N\C4=C(N)N=CN=C43)[C@H](O)[C@@H]2OP(=O)([O-])[O-])[C@H]1O
CHEBI:78494		*P(=O)([O-])OC[C@H]1O[C@@H](N2C=NC3=C(N)N=CN=C32)[C@H](O)[C@@H]1OC(=O)[C@@H]([NH3+])CC(C)C
CHEBI:29950		*N[C@@H](CS)C(*)=O
CHEBI:83144		*N[C@@H](CCCCNC(=O)CCCC[C@@H]1SC[C@]2([H])NC(=O)N[C@]12[H])C(*)=O
POLYMER:13351		*[C@@H]1O[C@H](CO[H])[C@@H](OP(=O)([O-])OC[C@H]2O[C@@H](*)[C@H](OP(=O)([O-])[O-])[C@@H]2O)[C@H]1O
CHEBI:78450		*N[C@@H](COP(=O)([O-])OCC(C)(C)[C@@H](O)C(=O)NCCC(=O)NCCSC(=O)CC(C)=O)C(*)=O
CHEBI:83120		*N[C@@H](CCCCNC(=O)CCCC[C@@H](S)CCSC(=O)CCC(=O)[O-])C(*)=O
CHEBI:78533		*P(=O)([O-])OC[C@H]1O[C@@H](N2C=NC3=C2N=CN=C3N)[C@H](O)[C@@H]1OC(=O)[C@@H](N)CO
CHEBI:133043		*C(=O)[C@H](CCCC[NH3+])NC(=O)[C@@H]([NH3+])CC(C)C
CHEBI:78442		*P(=O)([O-])OC[C@H]1O[C@@H](N2C=NC3=C(N)N=CN=C32)[C@H](O)[C@@H]1O
CHEBI:78520		*P(=O)([O-])OC[C@H]1O[C@@H](N2C=NC3=C2N=CN=C3N)[C@H](O)[C@@H]1OC(=O)[C@@H]([NH3+])CCC(=O)[O-]
CHEBI:78497		*P(=O)([O-])OC[C@H]1O[C@@H](N2C=NC3=C(N)N=CN=C32)[C@H](O)[C@@H]1OC(=O)[C@H](C)[NH3+]
CHEBI:90598		*N[C@@H](CC(*)=O)C(=O)OC
CHEBI:78530		*P(=O)([O-])OC[C@H]1O[C@@H](N2C=NC3=C2N=CN=C3N)[C@H](O)[C@@H]1OC(=O)[C@@H]([NH3+])CCSC
CHEBI:83145		*N[C@@H](CCCCNC(=O)CCCC[C@@H]1SC[C@]2([H])N(C(=O)[O-])C(=O)N[C@]12[H])C(*)=O
CHEBI:90602		*N[C@@H](CC1=CC=C(OP(=O)([O-])OC[C@H]2O[C@@H](N3C=CC(=O)NC3=O)[C@H](O)[C@@H]2O)C=C1)C(*)=O
CHEBI:85454		*O[C@H]1C[C@H](N2C=C(C)C(N)=NC2=O)O[C@@H]1COP(*)(=O)[O-]
CHEBI:44120		*N[C@@H](CC[S@](C)=O)C(*)=O
CHEBI:78532		*P(=O)([O-])OC[C@H]1O[C@@H](N2C=NC3=C2N=CN=C3N)[C@H](O)[C@@H]1OC(=O)[C@@H]1CCC[NH2+]1
CHEBI:83071		*[C@@H]1O[C@H](COP(*)(=O)[O-])[C@@H](OP(=O)([O-])OC[C@H]2O[C@@H](N3C=CC(N)=NC3=O)[C@H](O)[C@@H]2OP(=O)([O-])OC[C@H]2O[C@@H](N3C=CC(N)=NC3=O)[C@H](O)[C@@H]2OP(=O)([O-])OC[C@H]2O[C@@H](N3C=NC4=C3N=CN=C4N)[C@H](O)[C@@H]2O)[C@H]1O
CHEBI:83099		*N[C@@H](CCCCNC(=O)CCCC[C@@H]1CCSS1)C(*)=O
CHEBI:90616		*O[C@H]1C[C@H](N2C=NC3=C2N=CN=C3NC)O[C@@H]1COP(*)(=O)[O-]
CHEBI:78522		*P(=O)([O-])OC[C@H]1O[C@@H](N2C=NC3=C(N)N=CN=C32)[C@H](O)[C@@H]1OC(=O)C[NH3+]
CHEBI:83833		*C(=O)[C@@H]1CCCN1C(*)=O
CHEBI:82683		*N[C@@H](COP(=O)([O-])OC[C@H]1O[C@H](O[C@@H]2[C@H](O)[C@@H](COP(=O)([O-])OP(=O)([O-])OCC(C)(C)[C@@H](O)C(=O)NCCC(=O)NCCS)O[C@H]2N2C=NC3=C2N=CN=C3N)[C@H](O)[C@@H]1O)C(*)=O
CHEBI:29973		*N[C@@H](CCC(=O)[O-])C(*)=O
CHEBI:74449		*O[C@@H]1[C@@H](COP(*)(=O)[O-])O[C@@H](N2C=NC3=C(NC)N=CN=C32)[C@@H]1O
CHEBI:83100		*N[C@@H](CCCCNC(=O)CCCC[C@@H](S)CCS)C(*)=O
CHEBI:83111		*N[C@@H](CCCCNC(=O)CCCC[C@@H](S)CCSC(C)=O)C(*)=O
CHEBI:78845		*N[C@@H](COP(=O)([O-])OCC(C)(C)[C@@H](O)C(=O)NCCC(=O)NCCSC(=O)CC(=O)OC)C(*)=O
CHEBI:78527		*P(=O)([O-])OC[C@H]1O[C@@H](N2C=NC3=C2N=CN=C3N)[C@H](O)[C@@H]1OC(=O)[C@@H](N)CC1=CNC=N1
CHEBI:78776		*N[C@@H](COP(=O)([O-])OCC(C)(C)[C@@H](O)C(=O)NCCC(=O)NCCSC(=O)CC(*)=O)C(*)=O
CHEBI:78809		*N[C@@H](CCCCNC(=O)CCCCCCC)C(*)=O
CHEBI:78517		*P(=O)([O-])OC[C@H]1O[C@@H](N2C=NC3=C2N=CN=C3N)[C@H](O)[C@@H]1OC(=O)[C@@H]([NH3+])CS
CHEBI:83421		*N[C@@H](COP(=O)([O-])[O-])C(*)=O
CHEBI:83624		*N[C@@H](CC1=CC=C(OP(=O)([O-])OC[C@H]2O[C@@H](N3/C=N\C4=C(N)N=CN=C43)[C@H](O)[C@@H]2O)C=C1)C(*)=O
CHEBI:32722		*N[C]([H])C(*)=O
CHEBI:78531		*P(=O)([O-])OC[C@H]1O[C@@H](N2C=NC3=C2N=CN=C3N)[C@H](O)[C@@H]1OC(=O)[C@@H](N)CC1=CC=CC=C1
CHEBI:74455		*O[C@@H]1[C@@H](COP(*)(=O)[O-])O[C@@H](N2C=C(C[NH2+]C)C(=O)NC2=S)[C@@H]1O
CHEBI:74493		*O[C@@H]1[C@@H](COP(*)(=O)[O-])O[C@@H](N2C=NC3=C2N=CN=C3N(C)C)[C@@H]1O
CHEBI:78516		*P(=O)([O-])OC[C@H]1O[C@@H](N2C=NC3=C2N=CN=C3N)[C@H](O)[C@@H]1OC(=O)[C@@H]([NH3+])CC(=O)[O-]
CHEBI:74445		*O[C@@H]1[C@@H](COP(*)(=O)[O-])O[C@@H](N2C=NC3=C2N=C(N)NC3=O)[C@@H]1OC
CHEBI:78521		*P(=O)([O-])OC[C@H]1O[C@@H](N2C=NC3=C2N=CN=C3N)[C@H](O)[C@@H]1OC(=O)[C@@H]([NH3+])CCC(N)=O
CHEBI:78513		*P(=O)([O-])OC[C@H]1O[C@@H](N2C=NC3=C2N=CN=C3N)[C@H](O)[C@@H]1OC(=O)[C@@H]([NH3+])CCCNC(N)=[NH2+]
CHEBI:29999		*N[C@@H](CO)C(*)=O
CHEBI:78529		*P(=O)([O-])OC[C@H]1O[C@@H](N2C=NC3=C2N=CN=C3N)[C@H](O)[C@@H]1OC(=O)[C@@H]([NH3+])CCCC[NH3+]
POLYMER:11129		*[C@@H]1O[C@H](CO[H])[C@@H](OP(=O)([O-])[O-])[C@H]1O
CHEBI:146199		*N[C@@H](CSSC[C@H](NC(=O)CC[C@H](N)C(=O)O)C(=O)NCC(=O)O)C(*)=O
CHEBI:64428		*[H]
POLYMER:11128		*[C@@H]1O[C@H](CO[H])[C@@H](OP(=O)([O-])[O-])[C@H]1O
CHEBI:65314		*O[C@@H]1[C@@H](COP(*)(=O)[O-])O[C@@H](C2=CNC(=O)NC2=O)[C@@H]1O
POLYMER:11131		*[C@H]1C[C@H](OP(=O)([O-])[O-])[C@@H](CO[H])O1
CHEBI:78573		*P(=O)([O-])OC[C@H]1O[C@@H](N2C=NC3=C2N=CN=C3N)[C@H](O)[C@@H]1OC(=O)[C@@H](N)C[SeH]
CHEBI:74481		*O[C@@H]1[C@@H](COP(*)(=O)[O-])O[C@@H](N2C=NC3=C2N=C(NC)NC3=O)[C@@H]1O
CHEBI:78798		*N[C@@H](COP(=O)([O-])OCC(C)(C)[C@@H](O)C(=O)NCCC(=O)NCCSC(=O)C/C=C\CCCCCC)C(*)=O
CHEBI:65315		*O[C@@H]1[C@@H](COP(*)(=O)[O-])O[C@@H](N2C=CC(=O)NC2=O)[C@@H]1O
CHEBI:137976		*N[C@@H](COP(=O)([O-])OC[C@H]1O[C@H](O[C@@H]2[C@H](O)[C@@H](COP(=O)([O-])OP(=O)([O-])OCC(C)(C)[C@@H](O)C(=O)NCCC(=O)NCCSC(C)=O)O[C@H]2N2C=NC3=C2N=CN=C3N)[C@H](O)[C@@H]1O)C(*)=O
CHEBI:64837		*N[C@@H](CC1=CN=CN1P(=O)([O-])[O-])C(*)=O
CHEBI:78597		*C(=O)[C@H](*)[NH3+]
CHEBI:83064		*[C@@H]1O[C@H](COP(*)(=O)[O-])[C@H]2OP(=O)([O-])O[C@@H]12
CHEBI:85445		*O[C@H]1C[C@H](N2C=NC3=C2N=C(N)NC3=O)O[C@@H]1COP(*)(=O)[O-]
CHEBI:82612		*N[C@@H](CSC)C(*)=O
CHEBI:78535		*P(=O)([O-])OC[C@H]1O[C@@H](N2C=NC3=C2N=CN=C3N)[C@H](O)[C@@H]1OC(=O)[C@@H](N)CC1=CNC2=C1C=CC=C2
CHEBI:82833		*O[C@@H]1[C@@H](COP(*)(=O)[O-])O[C@@H](N2C=C(C[NH3+])C3=C2N=C(N)NC3=O)[C@@H]1O
CHEBI:45764		*N[C@@H](CC[S@@](C)=O)C(*)=O
CHEBI:136798		*O[C@@H]1[C@@H](COP(*)(=O)[O-])O[C@@H](N2C=CC(=S)NC2=O)[C@@H]1O
CHEBI:83143		*N[C@@H](CCCCNC(=O)CCCC[C@@H](S)CCSC[NH3+])C(*)=O
CHEBI:78844		*P(=O)([O-])OC[C@H]1O[C@@H](N2C=NC3=C2N=CN=C3N)[C@H](O)[C@@H]1OC(=O)[C@H](CCSC)NC([H])=O
CHEBI:64731		*C(=O)[C@@H]([NH3+])CCSC
CHEBI:82795		*N[C@@H](CCC(=O)OC)C(*)=O
CHEBI:78534		*P(=O)([O-])OC[C@H]1O[C@@H](N2C=NC3=C2N=CN=C3N)[C@H](O)[C@@H]1OC(=O)[C@@H](N)[C@@H](C)O
CHEBI:90778		*NCC(=O)NCC(=O)[O-]
CHEBI:74415		*O[C@@H]1[C@@H](COP(*)(=O)[O-])O[C@@H](N2C=NC3=C2N=CN=C3NCC=C(C)C)[C@@H]1O
CHEBI:82834		*O[C@@H]1[C@@H](COP(*)(=O)[O-])O[C@@H](N2C=C(C[NH2+][C@H]3[C@H]4O[C@H]4[C@H](O)[C@@H]3O)C3=C2N=C(N)NC3=O)[C@@H]1O
CHEBI:82831		*O[C@@H]1[C@@H](COP(*)(=O)[O-])O[C@@H](N2C=C(C[NH2+][C@H]3C=C[C@H](O)[C@@H]3O)C3=C2N=C(N)NC3=O)[C@@H]1O
CHEBI:29979		*N[C@@H](CC1=CNC=N1)C(*)=O
CHEBI:74257		*N[C@H](C(*)=O)[C@@H](C)OP(=O)([O-])OC[C@@H](O)[C@@H](O)[C@@H](O)CN1C2=NC(=O)[N-]C(=O)C2=NC2=C1C=C(C)C(C)=C2
CHEBI:73542		*O[C@@H]1[C@@H](COP(*)(=O)[O-])O[C@@H](N2C=NC3=C2N=C(N)N(C)C3=O)[C@@H]1O
CHEBI:74418		*O[C@@H]1[C@@H](COP(*)(=O)[O-])O[C@@H](N2C=NC3=C2N=CN=C3NC(=O)N[C@H](C(=O)[O-])[C@@H](C)O)[C@@H]1O
CHEBI:74417		*O[C@@H]1[C@@H](COP(*)(=O)[O-])O[C@@H](N2C=NC3=C2N=C(SC)N=C3NCC=C(C)C)[C@@H]1O
CHEBI:73599		*N[C@H](C(*)=O)C(SC)C(=O)[O-]
CHEBI:78294		*N[C@H](C(*)=O)[C@H](O)CCNC(N)=[NH2+]
CHEBI:78449		*N[C@@H](COP(=O)([O-])OCC(C)(C)[C@@H](O)C(=O)NCCC(=O)NCCSC(=O)CC(=O)[O-])C(*)=O
CHEBI:78451		*N[C@@H](COP(=O)([O-])OCC(C)(C)[C@@H](O)C(=O)NCCC(=O)NCCSC(=O)C[C@@H](C)O)C(*)=O
CHEBI:78453		*N[C@@H](COP(=O)([O-])OCC(C)(C)[C@@H](O)C(=O)NCCC(=O)NCCSC(=O)/C=C/C)C(*)=O
CHEBI:78457		*N[C@@H](COP(=O)([O-])OCC(C)(C)[C@@H](O)C(=O)NCCC(=O)NCCSC(=O)C[C@H](O)CCC)C(*)=O
CHEBI:78458		*N[C@@H](COP(=O)([O-])OCC(C)(C)[C@@H](O)C(=O)NCCC(=O)NCCSC(=O)/C=C/CCC)C(*)=O
CHEBI:78460		*N[C@@H](COP(=O)([O-])OCC(C)(C)[C@@H](O)C(=O)NCCC(=O)NCCSC(=O)CC(=O)CCCCC)C(*)=O
CHEBI:78461		*N[C@@H](COP(=O)([O-])OCC(C)(C)[C@@H](O)C(=O)NCCC(=O)NCCSC(=O)C[C@H](O)CCCCC)C(*)=O
CHEBI:78462		*N[C@@H](COP(=O)([O-])OCC(C)(C)[C@@H](O)C(=O)NCCC(=O)NCCSC(=O)/C=C/CCCCC)C(*)=O
CHEBI:78464		*N[C@@H](COP(=O)([O-])OCC(C)(C)[C@@H](O)C(=O)NCCC(=O)NCCSC(=O)CC(=O)CCCCCCC)C(*)=O
CHEBI:78466		*N[C@@H](COP(=O)([O-])OCC(C)(C)[C@@H](O)C(=O)NCCC(=O)NCCSC(=O)C[C@H](O)CCCCCCC)C(*)=O
CHEBI:78467		*N[C@@H](COP(=O)([O-])OCC(C)(C)[C@@H](O)C(=O)NCCC(=O)NCCSC(=O)/C=C/CCCCCCC)C(*)=O
CHEBI:78469		*N[C@@H](COP(=O)([O-])OCC(C)(C)[C@@H](O)C(=O)NCCC(=O)NCCSC(=O)CC(=O)CCCCCCCCC)C(*)=O
CHEBI:78472		*N[C@@H](COP(=O)([O-])OCC(C)(C)[C@@H](O)C(=O)NCCC(=O)NCCSC(=O)/C=C/CCCCCCCCC)C(*)=O
CHEBI:78473		*N[C@@H](COP(=O)([O-])OCC(C)(C)[C@@H](O)C(=O)NCCC(=O)NCCSC(=O)CC(=O)CCCCCCCCCCC)C(*)=O
CHEBI:78475		*N[C@@H](COP(=O)([O-])OCC(C)(C)[C@@H](O)C(=O)NCCC(=O)NCCSC(=O)/C=C/CCCCCCCCCCC)C(*)=O
CHEBI:78478		*N[C@@H](COP(=O)([O-])OCC(C)(C)[C@@H](O)C(=O)NCCC(=O)NCCSC(=O)CC(=O)CCCCCCCCCCCCC)C(*)=O
CHEBI:78480		*N[C@@H](COP(=O)([O-])OCC(C)(C)[C@@H](O)C(=O)NCCC(=O)NCCSC(=O)C[C@H](O)CCCCCCCCCCCCC)C(*)=O
CHEBI:78481		*N[C@@H](COP(=O)([O-])OCC(C)(C)[C@@H](O)C(=O)NCCC(=O)NCCSC(=O)/C=C/CCCCCCCCCCCCC)C(*)=O
CHEBI:78818		*N[C@@H](COP(=O)([O-])OCC(C)(C)[C@@H](O)C(=O)NCCC(=O)NCCSC(=O)CC(=O)CC)C(*)=O
CHEBI:74447		*O[C@@H]1[C@@H](COP(*)(=O)[O-])O[C@@H](N2C=C(C)C(=O)NC2=O)[C@@H]1O
CHEBI:78846		*N[C@@H](COP(=O)([O-])OCC(C)(C)[C@@H](O)C(=O)NCCC(=O)NCCSC(=O)CCCCCC(=O)[O-])C(*)=O
CHEBI:74480		*O[C@@H]1[C@@H](COP(*)(=O)[O-])O[C@@H](N2C=[N+](C)C3=C2N=C(N)NC3=O)[C@@H]1O
CHEBI:82743		*O[C@@H]1[C@@H](COP(*)(=O)[O-])O[C@@H](N2C=C(C[NH2+]C)C(=O)NC2=[Se])[C@@H]1O
CHEBI:74478		*O[C@@H]1[C@@H](COP(*)(=O)[O-])O[C@@H](N2C=CC(=O)NC2=O)[C@@H]1OC
CHEBI:74483		*O[C@@H]1[C@@H](COP(*)(=O)[O-])O[C@@H](N2C=C(C)C(N)=NC2=O)[C@@H]1O
CHEBI:74486		*O[C@@H]1[C@@H](COP(*)(=O)[O-])O[C@@H](C2=CNC(=O)N(C)C2=O)[C@@H]1O
CHEBI:74495		*O[C@@H]1[C@@H](COP(*)(=O)[O-])O[C@@H](N2C=CC(N)=NC2=O)[C@@H]1OC
CHEBI:61891		*N[C@@H](CCC(=O)NC)C(*)=O
CHEBI:74497		*O[C@@H]1[C@@H](COP(*)(=O)[O-])O[C@@H](N2C=NC3=C2N=C(C)N=C3N)[C@@H]1O
CHEBI:74502		*O[C@@H]1[C@@H](COP(*)(=O)[O-])O[C@@H](N2C=CC(=O)N(C)C2=O)[C@@H]1O
CHEBI:74506		*O[C@@H]1[C@@H](COP(*)(=O)[O-])O[C@@H](N2C=CC(NC)=NC2=O)[C@@H]1O
CHEBI:74511		*O[C@@H]1[C@@H](COP(*)(=O)[O-])O[C@@H](N2C=C(C[NH2+]CC(=O)[O-])C(=O)NC2=O)[C@@H]1OC
CHEBI:82852		*O[C@@H]1[C@@H](COP(*)(=O)[O-])O[C@@H](N2C=NC3C(=O)N=CN=C32)[C@@H]1O
CHEBI:90619		*NCC(=O)NCC(=O)S
CHEBI:90618		*NCC(=O)NCC(=O)OP(=O)([O-])OC[C@H]1O[C@@H](N2C=NC3=C2N=CN=C3N)[C@H](O)[C@@H]1O
CHEBI:83561		*C(=O)[C@H](*)NC(=O)[C@@H]([NH3+])CC1=CC=CC=C1
CHEBI:29969		*N[C@@H](CCCC[NH3+])C(*)=O
CHEBI:83665		*O[C@@H]1[C@@H](COP(*)(=O)[O-])O[C@@H](N2C=CC(=N)[NH+]=C2NCCCC[C@H]([NH3+])C(=O)[O-])[C@@H]1O
CHEBI:83683		*C(=O)[C@H](C)NC(C)=O
CHEBI:83690		*C(=O)[C@H](CO)NC(C)=O
CHEBI:74900		*O[C@@H]1[C@@H](COP(*)(=O)[O-])O[C@@H](N2C=CC(NC(C)=O)=NC2=O)[C@@H]1O
CHEBI:29917		*S[H]
CHEBI:133243		*N[C@@H](COP(=O)([O-])OCC(C)(C)[C@@H](O)C(=O)NCCC(=O)NCCSC(*)=O)C(*)=O
CHEBI:61930		*N[C@@H](CCCCNC(C)=O)C(*)=O
CHEBI:68546		*OP(=O)([O-])[O-]
CHEBI:61977		*N[C@H](C(*)=O)[C@@H](C)OP(=O)([O-])[O-]
CHEBI:30013		*N[C@H](C(*)=O)[C@@H](C)O
CHEBI:87170		*O[C@@H]1[C@@H](COP(*)(=O)[O-])O[C@@H](N2C=CC(=O)NC2=S)[C@@H]1O
CHEBI:140657		*C(=O)N[C@@H](CSC[C@@H](COC(*)=O)OC(*)=O)C(*)=O
CHEBI:43176		*O[H]
CHEBI:90610		*N[C@@H](COP(=O)([O-])OCC(C)(C)[C@@H](O)C(=O)NCCC(=O)NCCSC(=O)C1=C(O)C(O)=CC=C1)C(*)=O
CHEBI:29965		*N[C@@H](CCCNC(N)=[NH2+])C(*)=O
CHEBI:133044		*C(=O)[C@H](CCCNC(N)=[NH2+])NC(=O)[C@@H]([NH3+])CC(C)C
CHEBI:136879		*O[C@@H]1[C@@H](COP(*)(=O)[O-])O[C@@H](N2C=C(OCC(=O)[O-])C(=O)NC2=O)[C@@H]1O
CHEBI:137386		*O[C@H]1C[C@H](N2C=C(C)C(=O)NC2=O)O[C@@H]1COP(*)(=O)[O-]
CHEBI:138053		*O[C@@H]1[C@@H](COP(*)(=O)[O-])O[C@@H](N2C=C(OCC(=O)OC)C(=O)NC2=O)[C@@H]1O
CHEBI:61961		*N[C@@H](CCCC[N+](C)(C)C)C(*)=O
CHEBI:138113		*N[C@H](C(*)=O)[C@@H](C)OP(=O)([O-])OC[C@H]1O[C@@H](N2C=NC3=C2N=CN=C3N)[C@H](O)[C@@H]1O
CHEBI:78454		*N[C@@H](COP(=O)([O-])OCC(C)(C)[C@@H](O)C(=O)NCCC(=O)NCCSC(=O)CCC)C(*)=O
CHEBI:78483		*N[C@@H](COP(=O)([O-])OCC(C)(C)[C@@H](O)C(=O)NCCC(=O)NCCSC(=O)CCCCCCCCCCCCCCC)C(*)=O
CHEBI:83989		*N[C@@H](COP(=O)([O-])OCC(C)(C)[C@@H](O)C(=O)NCCC(=O)NCCSC(=O)CCCCCCC/C=C\CCCCCC)C(*)=O
CHEBI:138406		*N[C@@H](COP(=O)([O-])OCC(C)(C)[C@@H](O)C(=O)NCCC(=O)NCCSC(=O)CC(=O)CCCCC/C=C\CCCCCC)C(*)=O
CHEBI:138407		*N[C@@H](COP(=O)([O-])OCC(C)(C)[C@@H](O)C(=O)NCCC(=O)NCCSC(=O)C[C@H](O)CCCCC/C=C\CCCCCC)C(*)=O
CHEBI:138403		*N[C@@H](COP(=O)([O-])OCC(C)(C)[C@@H](O)C(=O)NCCC(=O)NCCSC(=O)/C=C/CCCCC/C=C\CCCCCC)C(*)=O
CHEBI:78468		*N[C@@H](COP(=O)([O-])OCC(C)(C)[C@@H](O)C(=O)NCCC(=O)NCCSC(=O)CCCCCCCCC)C(*)=O
CHEBI:138410		*N[C@@H](COP(=O)([O-])OCC(C)(C)[C@@H](O)C(=O)NCCC(=O)NCCSC(=O)CC(=O)C/C=C\CCCCCC)C(*)=O
CHEBI:138538		*N[C@@H](COP(=O)([O-])OCC(C)(C)[C@@H](O)C(=O)NCCC(=O)NCCSC(=O)CC(=O)CCCCCCC/C=C\CCCCCC)C(*)=O
CHEBI:78983		*N[C@@H](COP(=O)([O-])OCC(C)(C)[C@@H](O)C(=O)NCCC(=O)NCCSC(=O)C[C@H](O)CC)C(*)=O
CHEBI:78987		*N[C@@H](COP(=O)([O-])OCC(C)(C)[C@@H](O)C(=O)NCCC(=O)NCCSC(=O)C[C@H](O)CCCC)C(*)=O
CHEBI:78988		*N[C@@H](COP(=O)([O-])OCC(C)(C)[C@@H](O)C(=O)NCCC(=O)NCCSC(=O)C[C@H](O)CCCCCC)C(*)=O
CHEBI:78984		*N[C@@H](COP(=O)([O-])OCC(C)(C)[C@@H](O)C(=O)NCCC(=O)NCCSC(=O)C[C@H](O)C(C)C)C(*)=O
CHEBI:78986		*N[C@@H](COP(=O)([O-])OCC(C)(C)[C@@H](O)C(=O)NCCC(=O)NCCSC(=O)C[C@H](O)CC(C)C)C(*)=O
CHEBI:78985		*N[C@@H](COP(=O)([O-])OCC(C)(C)[C@@H](O)C(=O)NCCC(=O)NCCSC(=O)C[C@H](O)C(C)CC)C(*)=O
CHEBI:138611		*N[C@@H](COP(=O)([O-])OCC(C)(C)[C@@H](O)C(=O)NCCC(=O)NCCSC(=O)CCCC(C)C)C(*)=O
CHEBI:138610		*N[C@@H](COP(=O)([O-])OCC(C)(C)[C@@H](O)C(=O)NCCC(=O)NCCSC(=O)/C=C/CC(C)C)C(*)=O
CHEBI:139126		*N[C@@H](CSC(N)=O)C(=O)[O-]
CHEBI:139127		*N[C@@H](CSC#N)C(=O)[O-]
CHEBI:140284		*O[C@H]1C[C@H](*)O[C@@H]1COP(*)(=O)[O-]
CHEBI:140658		*N[C@@H](CSC[C@@H](COC(*)=O)OC(*)=O)C(*)=O
CHEBI:74269		*O[C@@H]1[C@@H](COP(*)(=O)[O-])O[C@@H](N2C=NC3=C2N=C(N)NC3=O)[C@@H]1O
CHEBI:78723		*P(=O)([O-])OC[C@H]1O[C@@H](N2C=NC3=C2N=CN=C3N)[C@H](O)[C@@H]1OC(=O)[C@H](N)CC1=CC=C(O)C=C1
CHEBI:142516		*N[C@@H](COP(=O)([O-])OC[C@H]1O[C@@H](N2C=NC3=C2N=CN=C3N)[C@H](O)[C@@H]1O)C(*)=O
CHEBI:144051		*O[C@H]1[C@@H](O)[C@H](*)O[C@@H]1COP(=O)([O-])O[C@@H]1[C@@H](COP(=O)([O-])[O-])O[C@@H](N2C=NC3=C2N=CN=C3N)[C@@H]1O
CHEBI:82930		*O[C@@H]1[C@@H](COP(*)(=O)[O-])O[C@@H](N2C=CC(=O)N(CC[C@H]([NH3+])C(=O)[O-])C2=O)[C@@H]1O
CHEBI:146135		*C(=O)[C@H](*)[N+](C)(C)C
CHEBI:78785		*CCC(=O)SCCNC(=O)CCNC(=O)[C@H](O)C(C)(C)COP(=O)([O-])OC[C@H](N*)C(*)=O
CHEBI:138651		*N[C@@H](COP(=O)([O-])OCC(C)(C)[C@@H](O)C(=O)NCCC(=O)NCCSC(*)=O)C(*)=O
POLYMER:13350		*[C@@H]1O[C@H](CO[H])[C@@H](OP(=O)([O-])OC[C@H]2O[C@@H](*)[C@@H]3OP(=O)([O-])O[C@@H]32)[C@H]1O
CHEBI:65249		*C(=O)[C@@H]([NH3+])CCCC[NH3+]
CHEBI:90596		*N[C@@H](CC(*)=O)C(=O)[O-]
CHEBI:78827		*N[C@@H](COP(=O)([O-])OCC(C)(C)[C@@H](O)C(=O)NCCC(=O)NCCSC(=O)C[C@@H](*)O)C(*)=O
CHEBI:85452		*O[C@H]1C[C@H](N2C=CC(N)=NC2=O)O[C@@H]1COP(*)(=O)[O-]
CHEBI:78474		*N[C@@H](COP(=O)([O-])OCC(C)(C)[C@@H](O)C(=O)NCCC(=O)NCCSC(=O)C[C@H](O)CCCCCCCCCCC)C(*)=O
CHEBI:79333		*[C@@H]([NH3+])C(=O)O[C@@H]1[C@@H](COP(*)(=O)[O-])O[C@@H](N2C=NC3=C2N=CN=C3N)[C@@H]1O
CHEBI:16044		*N[C@@H](CCSC)C(*)=O
CHEBI:74896		*[C@@H]1O[C@H](COP(*)(=O)[O-])[C@@H](O)[C@H]1O
CHEBI:78783		*N[C@@H](COP(=O)([O-])OCC(C)(C)[C@@H](O)C(=O)NCCC(=O)NCCSC(=O)CCCCCCC/C=C\CCCCCCCC)C(*)=O
CHEBI:90615		*O[C@H]1C[C@H](N2C=NC3=C2N=CN=C3N)O[C@@H]1COP(*)(=O)[O-]
CHEBI:83834		*C(=O)[C@@H]1CCCN1C(*)=O
CHEBI:30011		*N[C@@H](CCC(N)=O)C(*)=O
CHEBI:74411		*O[C@@H]1[C@@H](COP(*)(=O)[O-])O[C@@H](N2C=NC3=C2N=CN=C3N)[C@@H]1O
CHEBI:78463		*N[C@@H](COP(=O)([O-])OCC(C)(C)[C@@H](O)C(=O)NCCC(=O)NCCSC(=O)CCCCCCC)C(*)=O
CHEBI:29947		*NCC(*)=O
CHEBI:74454		*O[C@@H]1[C@@H](COP(*)(=O)[O-])O[C@@H](N2C=C(C[NH3+])C(=O)NC2=S)[C@@H]1O
POLYMER:11130		*[C@H]1C[C@H](OP(=O)([O-])[O-])[C@@H](CO[H])O1
CHEBI:74443		*O[C@@H]1[C@@H](COP(*)(=O)[O-])O[C@@H](N2CCC(=O)NC2=O)[C@@H]1O
CHEBI:78599		*C(=O)[C@H](*)NC(=O)CC[C@H]([NH3+])C(=O)[O-]
CHEBI:83062		*[C@@H]1O[C@H](COP(*)(=O)[O-])[C@@H](OP(=O)([O-])[O-])[C@H]1O
CHEBI:85448		*O[C@H]1C[C@H](N2C=NC3=C2N=C(N)N=C3OC)O[C@@H]1COP(*)(=O)[O-]
CHEBI:61963		*N[C@@H](CSS)C(*)=O
CHEBI:49298		*C(=O)[C@H](CCSC)NC([H])=O
CHEBI:78477		*N[C@@H](COP(=O)([O-])OCC(C)(C)[C@@H](O)C(=O)NCCC(=O)NCCSC(=O)CCCCCCCCCCCCC)C(*)=O
CHEBI:65264		*N[C@@H](COP(=O)([O-])OCC(C)(C)[C@@H](O)C(=O)NCCC(=O)NCCSC(=O)CCCCCCCCCCC)C(*)=O
CHEBI:32875		*C
CHEBI:29961		*N[C@@H](CC(=O)[O-])C(*)=O
CHEBI:78456		*N[C@@H](COP(=O)([O-])OCC(C)(C)[C@@H](O)C(=O)NCCC(=O)NCCSC(=O)CC(=O)CCC)C(*)=O
CHEBI:78459		*N[C@@H](COP(=O)([O-])OCC(C)(C)[C@@H](O)C(=O)NCCC(=O)NCCSC(=O)CCCCC)C(*)=O
CHEBI:78470		*N[C@@H](COP(=O)([O-])OCC(C)(C)[C@@H](O)C(=O)NCCC(=O)NCCSC(=O)C[C@H](O)CCCCCCCCC)C(*)=O
CHEBI:82735		*N[C@@H](COP(=O)([O-])OCC(C)(C)[C@@H](O)C(=O)NCCC(=O)NCCSC(=O)CCCCCC(=O)OC)C(*)=O
CHEBI:82748		*O[C@@H]1[C@@H](COP(*)(=O)[O-])O[C@@H](N2C=CC(N)=NC2=O)[C@@H]1O
CHEBI:74508		*O[C@@H]1[C@@H](COP(*)(=O)[O-])O[C@@H](N2C=C(C[NH2+]CC(=O)[O-])C(=O)NC2=O)[C@@H]1O
CHEBI:64718		*C(=O)[C@H](C)[NH3+]
CHEBI:64738		*C(=O)[C@@H]([NH3+])CO
CHEBI:87830		*N[C@@H](CCCCNC(=O)CCC(=O)[O-])C(*)=O
CHEBI:140656		*C(=O)OC[C@H](CSC[C@H]([NH3+])C(*)=O)OC(*)=O
CHEBI:131708		*N[C@@H](CCCNC(=[NH2+])NC(O)C(C)=O)C(*)=O
CHEBI:131709		*N[C@@H](CCCC[NH2+]C(O)C(C)=O)C(*)=O
CHEBI:131710		*N[C@@H](CSC(O)C(C)=O)C(*)=O
CHEBI:64719		*C(=O)[C@@H]([NH3+])CCCNC(N)=[NH2+]
CHEBI:136877		*O[C@@H]1[C@@H](COP(*)(=O)[O-])O[C@@H](N2C=C(O)C(=O)NC2=O)[C@@H]1O
CHEBI:137387		*O[C@H]1C[C@H](N2C=C(C)C(OC)=NC2=O)O[C@@H]1COP(*)(=O)[O-]
CHEBI:138191		*C(=O)N[C@@H](*)C(=O)O[C@@H]1[C@@H](COP(*)(=O)[O-])O[C@@H](N2C=NC3=C2N=CN=C3N)[C@@H]1O
CHEBI:138405		*N[C@@H](COP(=O)([O-])OCC(C)(C)[C@@H](O)C(=O)NCCC(=O)NCCSC(=O)CCCCC/C=C\CCCCCC)C(*)=O
CHEBI:78824		*N[C@@H](COP(=O)([O-])OCC(C)(C)[C@@H](O)C(=O)NCCC(=O)NCCSC(=O)CC(=O)CCCC)C(*)=O
CHEBI:78826		*N[C@@H](COP(=O)([O-])OCC(C)(C)[C@@H](O)C(=O)NCCC(=O)NCCSC(=O)CC(=O)CCCCCC)C(*)=O
CHEBI:78820		*N[C@@H](COP(=O)([O-])OCC(C)(C)[C@@H](O)C(=O)NCCC(=O)NCCSC(=O)CC(=O)C(C)C)C(*)=O
CHEBI:78822		*N[C@@H](COP(=O)([O-])OCC(C)(C)[C@@H](O)C(=O)NCCC(=O)NCCSC(=O)CC(=O)CC(C)C)C(*)=O
CHEBI:78823		*N[C@@H](COP(=O)([O-])OCC(C)(C)[C@@H](O)C(=O)NCCC(=O)NCCSC(=O)CC(=O)C(C)CC)C(*)=O
CHEBI:76913		*N[C@@H](CS)C(=O)[O-]
CHEBI:140286		*O[C@H]1C[C@H](*)O[C@@H]1COP(*)(=O)OC
CHEBI:141553		*N[C@@H](CCCNC(=[NH2+])NC(O)C([H])=O)C(*)=O
CHEBI:141554		*N[C@@H](CCCC[NH2+]C(O)C([H])=O)C(*)=O
CHEBI:141555		*N[C@@H](CSC(O)C([H])=O)C(*)=O
CHEBI:141580		*O[C@@H]1[C@@H](COP(*)(=O)[O-])O[C@@H](N2C=NC3=C2N=C(NC(O)C(C)=O)NC3=O)[C@@H]1O
CHEBI:141581		*O[C@@H]1[C@@H](COP(*)(=O)[O-])O[C@@H](N2C=NC3=C2N=C(NC(O)C([H])=O)NC3=O)[C@@H]1O
CHEBI:141579		*O[C@H]1C[C@H](N2C=NC3=C2N=C(NC(O)C([H])=O)NC3=O)O[C@@H]1COP(*)(=O)[O-]
CHEBI:141578		*O[C@H]1C[C@H](N2C=NC3=C2N=C(NC(O)C(C)=O)NC3=O)O[C@@H]1COP(*)(=O)[O-]
CHEBI:144029		*O[C@H]1[C@@H](O)[C@H](*)O[C@@H]1COP(=O)([O-])O[C@@H]1[C@@H](COP(=O)([O-])OP(=O)([O-])OC[C@H]2O[C@@H]([N+]3=CC(C(N)=O)=CC=C3)[C@H](O)[C@@H]2O)O[C@@H](N2C=NC3=C2N=CN=C3N)[C@@H]1O
